{
  "model": {
    "name": "M2_MLP_Flat",
    "type": "mlp_flat",
    "parameters": 40449,
    "flops": 40256,
    "flops_formatted": "40.256K",
    "macs": 20128,
    "macs_formatted": "2",
    "checkpoint": "C:\\Users\\MSchm\\Documents\\att_project\\lightning_logs\\M2_MLP_Flat_seed42\\version_0\\checkpoints\\M2_MLP_Flat_seed42-epoch=08-val_loss=0.0026.ckpt"
  },
  "data": {
    "variant": "paper",
    "vehicle": "HYUNDAI_SONATA_2020",
    "window_size": 50
  },
  "metrics": {
    "mse": 0.002579605206847191,
    "rmse": 0.05078981400681824,
    "mae": 0.03710325062274933,
    "mape": 331338.0,
    "r2": 0.7729030251502991,
    "accuracy": 74.63458521522513,
    "accuracy_threshold": 0.05,
    "num_samples": 221187
  },
  "sequence_metrics": {
    "n_sequences": 500,
    "mae_mean": 0.038190714184194806,
    "mae_std": 0.0156376898528856,
    "mae_median": 0.034597039222717285,
    "rmse_mean": 0.04901100295782089,
    "rmse_std": 0.019914347563027013,
    "rmse_median": 0.044480716809630394,
    "accuracy_mean": 73.7221572983771,
    "accuracy_std": 15.320247144794392,
    "accuracy_median": 76.52409339294584
  },
  "inference": {
    "mean_ms": 0.05464039978105575,
    "std_ms": 0.011293157115725675,
    "min_ms": 0.05199998850002885,
    "max_ms": 0.6990999972913414,
    "p50_ms": 0.05302000208757818,
    "p50_std_ms": 7.482438388437595e-05,
    "p95_ms": 0.06379099708283319,
    "p95_std_ms": 0.005558795801189416,
    "p99_ms": 0.08263461192836985,
    "p99_std_ms": 0.005158267214535007,
    "device": "cpu",
    "num_threads": 1,
    "warmup_iterations": 100,
    "num_samples": 1000,
    "num_runs": 5,
    "total_samples": 5000
  },
  "flops": {
    "flops": 40256,
    "flops_formatted": "40.256K",
    "macs": 20128,
    "macs_formatted": "2",
    "params_thop": 40449,
    "params_formatted": "40.449K"
  },
  "plots": {
    "scatter": "C:\\Users\\MSchm\\Documents\\att_project\\results\\no_dropout\\m2\\seed_42\\M2_MLP_Flat_scatter.png",
    "residuals": "C:\\Users\\MSchm\\Documents\\att_project\\results\\no_dropout\\m2\\seed_42\\M2_MLP_Flat_residuals.png",
    "timeline": "C:\\Users\\MSchm\\Documents\\att_project\\results\\no_dropout\\m2\\seed_42\\M2_MLP_Flat_timeline.png",
    "error_distribution": "C:\\Users\\MSchm\\Documents\\att_project\\results\\no_dropout\\m2\\seed_42\\M2_MLP_Flat_error_distribution.png"
  },
  "predictions_csv": "C:\\Users\\MSchm\\Documents\\att_project\\results\\paper\\M2_MLP_Flat\\seed_42\\M2_MLP_Flat_predictions.csv",
  "config_path": "C:\\Users\\MSchm\\Documents\\att_project\\config\\model_configs\\m2_mlp_flat.yaml"
}