{
  "model": {
    "name": "M2_MLP_Flat",
    "type": "mlp_flat",
    "parameters": 40449,
    "flops": 40256,
    "flops_formatted": "40.256K",
    "macs": 20128,
    "macs_formatted": "2",
    "checkpoint": "C:\\Users\\MSchm\\Documents\\att_project\\lightning_logs\\M2_MLP_Flat_seed123\\version_0\\checkpoints\\M2_MLP_Flat_seed123-epoch=03-val_loss=0.0028.ckpt"
  },
  "data": {
    "variant": "paper",
    "vehicle": "HYUNDAI_SONATA_2020",
    "window_size": 50
  },
  "metrics": {
    "mse": 0.00270663620904088,
    "rmse": 0.05202534198869701,
    "mae": 0.03808147832751274,
    "mape": 328606.09375,
    "r2": 0.761719822883606,
    "accuracy": 73.40802126707266,
    "accuracy_threshold": 0.05,
    "num_samples": 221187
  },
  "sequence_metrics": {
    "n_sequences": 500,
    "mae_mean": 0.03905672626942396,
    "mae_std": 0.015283359650986128,
    "mae_median": 0.03514242544770241,
    "rmse_mean": 0.05003374360874295,
    "rmse_std": 0.019449716352439684,
    "rmse_median": 0.045203233137726784,
    "accuracy_mean": 72.56064953853019,
    "accuracy_std": 15.257577093148676,
    "accuracy_median": 75.50565883368938
  },
  "inference": {
    "mean_ms": 0.05428996002301574,
    "std_ms": 0.005695406057563288,
    "min_ms": 0.05169998621568084,
    "max_ms": 0.1210999907925725,
    "p50_ms": 0.052880001021549106,
    "p50_std_ms": 7.482749553813453e-05,
    "p95_ms": 0.06396699813194573,
    "p95_std_ms": 0.00672035571204225,
    "p99_ms": 0.08144359744619578,
    "p99_std_ms": 0.0027122826552147487,
    "device": "cpu",
    "num_threads": 1,
    "warmup_iterations": 100,
    "num_samples": 1000,
    "num_runs": 5,
    "total_samples": 5000
  },
  "flops": {
    "flops": 40256,
    "flops_formatted": "40.256K",
    "macs": 20128,
    "macs_formatted": "2",
    "params_thop": 40449,
    "params_formatted": "40.449K"
  },
  "plots": {
    "scatter": "C:\\Users\\MSchm\\Documents\\att_project\\results\\no_dropout\\m2\\seed_123\\M2_MLP_Flat_scatter.png",
    "residuals": "C:\\Users\\MSchm\\Documents\\att_project\\results\\no_dropout\\m2\\seed_123\\M2_MLP_Flat_residuals.png",
    "timeline": "C:\\Users\\MSchm\\Documents\\att_project\\results\\no_dropout\\m2\\seed_123\\M2_MLP_Flat_timeline.png",
    "error_distribution": "C:\\Users\\MSchm\\Documents\\att_project\\results\\no_dropout\\m2\\seed_123\\M2_MLP_Flat_error_distribution.png"
  },
  "predictions_csv": "C:\\Users\\MSchm\\Documents\\att_project\\results\\paper\\M2_MLP_Flat\\seed_42\\M2_MLP_Flat_predictions.csv",
  "config_path": "C:\\Users\\MSchm\\Documents\\att_project\\config\\model_configs\\m2_mlp_flat.yaml"
}