{
  "model": {
    "name": "M2_MLP_Flat",
    "type": "mlp_flat",
    "parameters": 40449,
    "flops": 40256,
    "flops_formatted": "40.256K",
    "macs": 20128,
    "macs_formatted": "2",
    "checkpoint": "C:\\Users\\MSchm\\Documents\\att_project\\lightning_logs\\M2_MLP_Flat_seed231\\version_0\\checkpoints\\M2_MLP_Flat_seed231-epoch=14-val_loss=0.0026.ckpt"
  },
  "data": {
    "variant": "paper",
    "vehicle": "HYUNDAI_SONATA_2020",
    "window_size": 50
  },
  "metrics": {
    "mse": 0.0025584606919437647,
    "rmse": 0.05058122865197884,
    "mae": 0.037108298391103745,
    "mape": 266518.9375,
    "r2": 0.7747644782066345,
    "accuracy": 74.38863947700362,
    "accuracy_threshold": 0.05,
    "num_samples": 221187
  },
  "sequence_metrics": {
    "n_sequences": 500,
    "mae_mean": 0.038286232624202964,
    "mae_std": 0.016156983268103862,
    "mae_median": 0.034920936450362206,
    "rmse_mean": 0.04901132299005985,
    "rmse_std": 0.020363454141768923,
    "rmse_median": 0.04443213529884815,
    "accuracy_mean": 73.43046647228093,
    "accuracy_std": 14.775180878498022,
    "accuracy_median": 75.9956230022749
  },
  "inference": {
    "mean_ms": 0.0539537402743008,
    "std_ms": 0.0061372655579346605,
    "min_ms": 0.051499984692782164,
    "max_ms": 0.2431000175420195,
    "p50_ms": 0.053020010818727314,
    "p50_std_ms": 0.00020395377224120874,
    "p95_ms": 0.056082002411130816,
    "p95_std_ms": 0.00141028044047088,
    "p99_ms": 0.07691380346659571,
    "p99_std_ms": 0.010625502884454284,
    "device": "cpu",
    "num_threads": 1,
    "warmup_iterations": 100,
    "num_samples": 1000,
    "num_runs": 5,
    "total_samples": 5000
  },
  "flops": {
    "flops": 40256,
    "flops_formatted": "40.256K",
    "macs": 20128,
    "macs_formatted": "2",
    "params_thop": 40449,
    "params_formatted": "40.449K"
  },
  "plots": {
    "scatter": "C:\\Users\\MSchm\\Documents\\att_project\\results\\no_dropout\\m2\\seed_231\\M2_MLP_Flat_scatter.png",
    "residuals": "C:\\Users\\MSchm\\Documents\\att_project\\results\\no_dropout\\m2\\seed_231\\M2_MLP_Flat_residuals.png",
    "timeline": "C:\\Users\\MSchm\\Documents\\att_project\\results\\no_dropout\\m2\\seed_231\\M2_MLP_Flat_timeline.png",
    "error_distribution": "C:\\Users\\MSchm\\Documents\\att_project\\results\\no_dropout\\m2\\seed_231\\M2_MLP_Flat_error_distribution.png"
  },
  "predictions_csv": "C:\\Users\\MSchm\\Documents\\att_project\\results\\paper\\M2_MLP_Flat\\seed_42\\M2_MLP_Flat_predictions.csv",
  "config_path": "C:\\Users\\MSchm\\Documents\\att_project\\config\\model_configs\\m2_mlp_flat.yaml"
}