{
  "model": {
    "name": "M2_MLP_Flat",
    "type": "mlp_flat",
    "parameters": 40449,
    "flops": 40256,
    "flops_formatted": "40.256K",
    "macs": 20128,
    "macs_formatted": "2",
    "checkpoint": "C:\\Users\\MSchm\\Documents\\att_project\\lightning_logs\\M2_MLP_Flat_seed42\\version_0\\checkpoints\\M2_MLP_Flat-epoch=09-val_loss=0.0025.ckpt"
  },
  "data": {
    "variant": "paper",
    "vehicle": "HYUNDAI_SONATA_2020",
    "window_size": 50
  },
  "seeds": [
    42,
    94,
    123
  ],
  "num_seeds": 3,
  "metrics": {
    "mse": {
      "mean": 0.0025901217789699635,
      "std": 2.735679937458476e-05,
      "values": [
        0.002552263205870986,
        0.0026159530971199274,
        0.002602149033918977
      ]
    },
    "rmse": {
      "mean": 0.05089252716330067,
      "std": 0.00026918005621861006,
      "values": [
        0.050519928799148024,
        0.05114638889618628,
        0.05101126379456773
      ]
    },
    "mae": {
      "mean": 0.03691373268763224,
      "std": 0.0001993208840879913,
      "values": [
        0.03664613515138626,
        0.037124257534742355,
        0.03697080537676811
      ]
    },
    "mape": {
      "mean": 336400.1458333333,
      "std": 14187.461852471046,
      "values": [
        316834.21875,
        342335.125,
        350031.09375
      ]
    },
    "r2": {
      "mean": 0.7830023169517517,
      "std": 0.002291918923695905,
      "values": [
        0.7861740589141846,
        0.7808381915092468,
        0.7819947004318237
      ]
    },
    "accuracy": {
      "mean": 74.89767270711907,
      "std": 0.2925261713113235,
      "values": [
        75.27972488608849,
        74.56922594683978,
        74.84406728842895
      ]
    },
    "accuracy_threshold": {
      "mean": 0.05000000000000001,
      "std": 6.938893903907228e-18,
      "values": [
        0.05,
        0.05,
        0.05
      ]
    },
    "num_samples": {
      "mean": 220127.0,
      "std": 0.0,
      "values": [
        220127,
        220127,
        220127
      ]
    }
  },
  "inference": {
    "mean_ms": {
      "mean": 0.056206220240953064,
      "std": 0.00044049593814829066
    },
    "std_ms": {
      "mean": 0.00965749030867208,
      "std": 0.0029589958641150845
    },
    "min_ms": {
      "mean": 0.05313333046312133,
      "std": 0.00020548203139528443
    },
    "max_ms": {
      "mean": 0.3343000231931607,
      "std": 0.17266938910167234
    },
    "p50_ms": {
      "mean": 0.0543600064702332,
      "std": 0.00014514471224221518
    },
    "p50_std_ms": {
      "mean": 7.880463460845941e-05,
      "std": 2.136814820845904e-05
    },
    "p95_ms": {
      "mean": 0.06368500374568004,
      "std": 0.0016061639519785675
    },
    "p95_std_ms": {
      "mean": 0.005977016092627671,
      "std": 0.0028322841907757568
    },
    "p99_ms": {
      "mean": 0.09425233673149097,
      "std": 0.00978816867699378
    },
    "p99_std_ms": {
      "mean": 0.018376867360750747,
      "std": 0.01243987062267938
    },
    "device": "cpu",
    "num_threads": {
      "mean": 1.0,
      "std": 0.0
    },
    "warmup_iterations": {
      "mean": 100.0,
      "std": 0.0
    },
    "num_samples": {
      "mean": 1000.0,
      "std": 0.0
    },
    "num_runs": {
      "mean": 5.0,
      "std": 0.0
    },
    "total_samples": {
      "mean": 5000.0,
      "std": 0.0
    }
  },
  "per_seed": {
    "42": {
      "model": {
        "name": "M2_MLP_Flat",
        "type": "mlp_flat",
        "parameters": 40449,
        "flops": 40256,
        "flops_formatted": "40.256K",
        "macs": 20128,
        "macs_formatted": "2",
        "checkpoint": "C:\\Users\\MSchm\\Documents\\att_project\\lightning_logs\\M2_MLP_Flat_seed42\\version_0\\checkpoints\\M2_MLP_Flat-epoch=09-val_loss=0.0025.ckpt"
      },
      "data": {
        "variant": "paper",
        "vehicle": "HYUNDAI_SONATA_2020",
        "window_size": 50
      },
      "metrics": {
        "mse": 0.002552263205870986,
        "rmse": 0.050519928799148024,
        "mae": 0.03664613515138626,
        "mape": 316834.21875,
        "r2": 0.7861740589141846,
        "accuracy": 75.27972488608849,
        "accuracy_threshold": 0.05,
        "num_samples": 220127
      },
      "inference": {
        "mean_ms": 0.056579340144526216,
        "std_ms": 0.013767715774085722,
        "min_ms": 0.053099996875971556,
        "max_ms": 0.575500016566366,
        "p50_ms": 0.0543000060133636,
        "p50_std_ms": 8.944340016098317e-05,
        "p95_ms": 0.06371299503371117,
        "p95_std_ms": 0.009823604374593361,
        "p99_ms": 0.10657479625660922,
        "p99_std_ms": 0.03042622145561617,
        "device": "cpu",
        "num_threads": 1,
        "warmup_iterations": 100,
        "num_samples": 1000,
        "num_runs": 5,
        "total_samples": 5000
      },
      "flops": {
        "flops": 40256,
        "flops_formatted": "40.256K",
        "macs": 20128,
        "macs_formatted": "2",
        "params_thop": 40449,
        "params_formatted": "40.449K"
      },
      "plots": {
        "scatter": "C:\\Users\\MSchm\\Documents\\att_project\\results\\no_dropout\\m2\\seed_42\\M2_MLP_Flat_scatter.png",
        "residuals": "C:\\Users\\MSchm\\Documents\\att_project\\results\\no_dropout\\m2\\seed_42\\M2_MLP_Flat_residuals.png",
        "timeline": "C:\\Users\\MSchm\\Documents\\att_project\\results\\no_dropout\\m2\\seed_42\\M2_MLP_Flat_timeline.png",
        "error_distribution": "C:\\Users\\MSchm\\Documents\\att_project\\results\\no_dropout\\m2\\seed_42\\M2_MLP_Flat_error_distribution.png"
      },
      "predictions_csv": null,
      "config_path": "C:\\Users\\MSchm\\Documents\\att_project\\config\\model_configs\\m2_mlp_flat.yaml"
    },
    "94": {
      "model": {
        "name": "M2_MLP_Flat",
        "type": "mlp_flat",
        "parameters": 40449,
        "flops": 40256,
        "flops_formatted": "40.256K",
        "macs": 20128,
        "macs_formatted": "2",
        "checkpoint": "C:\\Users\\MSchm\\Documents\\att_project\\lightning_logs\\M2_MLP_Flat_seed94\\version_0\\checkpoints\\M2_MLP_Flat_seed94-epoch=11-val_loss=0.0026.ckpt"
      },
      "data": {
        "variant": "paper",
        "vehicle": "HYUNDAI_SONATA_2020",
        "window_size": 50
      },
      "metrics": {
        "mse": 0.0026159530971199274,
        "rmse": 0.05114638889618628,
        "mae": 0.037124257534742355,
        "mape": 342335.125,
        "r2": 0.7808381915092468,
        "accuracy": 74.56922594683978,
        "accuracy_threshold": 0.05,
        "num_samples": 220127
      },
      "inference": {
        "mean_ms": 0.055587640427984294,
        "std_ms": 0.006921922027546281,
        "min_ms": 0.05289999535307288,
        "max_ms": 0.24670001585036516,
        "p50_ms": 0.05422000540420413,
        "p50_std_ms": 9.798033577626338e-05,
        "p95_ms": 0.06170401640702037,
        "p95_std_ms": 0.003086473510053624,
        "p99_ms": 0.08262941194698215,
        "p99_std_ms": 0.001251047530436869,
        "device": "cpu",
        "num_threads": 1,
        "warmup_iterations": 100,
        "num_samples": 1000,
        "num_runs": 5,
        "total_samples": 5000
      },
      "flops": {
        "flops": 40256,
        "flops_formatted": "40.256K",
        "macs": 20128,
        "macs_formatted": "2",
        "params_thop": 40449,
        "params_formatted": "40.449K"
      },
      "plots": {
        "scatter": "C:\\Users\\MSchm\\Documents\\att_project\\results\\no_dropout\\m2\\seed_94\\M2_MLP_Flat_scatter.png",
        "residuals": "C:\\Users\\MSchm\\Documents\\att_project\\results\\no_dropout\\m2\\seed_94\\M2_MLP_Flat_residuals.png",
        "timeline": "C:\\Users\\MSchm\\Documents\\att_project\\results\\no_dropout\\m2\\seed_94\\M2_MLP_Flat_timeline.png",
        "error_distribution": "C:\\Users\\MSchm\\Documents\\att_project\\results\\no_dropout\\m2\\seed_94\\M2_MLP_Flat_error_distribution.png"
      },
      "predictions_csv": null,