{
  "model": {
    "name": "M2_MLP_Flat",
    "type": "mlp_flat",
    "parameters": 40449,
    "flops": 40256,
    "flops_formatted": "40.256K",
    "macs": 20128,
    "macs_formatted": "2",
    "checkpoint": "C:\\Users\\MSchm\\Documents\\att_project\\lightning_logs\\M2_MLP_Flat_seed7\\version_0\\checkpoints\\M2_MLP_Flat_seed7-epoch=07-val_loss=0.0026.ckpt"
  },
  "data": {
    "variant": "paper",
    "vehicle": "HYUNDAI_SONATA_2020",
    "window_size": 50
  },
  "seeds": [
    7,
    42,
    94,
    123,
    231
  ],
  "num_seeds": 5,
  "metrics": {
    "mse": {
      "mean": 0.00260403067804873,
      "std": 6.013999169535307e-05,
      "values": [
        0.0026343693025410175,
        0.002579605206847191,
        0.002541081979870796,
        0.00270663620904088,
        0.0025584606919437647
      ]
    },
    "rmse": {
      "mean": 0.05102632757199711,
      "std": 0.0005870030357482123,
      "values": [
        0.05132610741660639,
        0.05078981400681824,
        0.050409145795885055,
        0.05202534198869701,
        0.05058122865197884
      ]
    },
    "mae": {
      "mean": 0.03729793205857277,
      "std": 0.0004280023247111464,
      "values": [
        0.03737074136734009,
        0.03710325062274933,
        0.036825891584157944,
        0.03808147832751274,
        0.037108298391103745
      ]
    },
    "mape": {
      "mean": 330124.325,
      "std": 38459.023688869376,
      "values": [
        387611.8125,
        331338.0,
        336546.78125,
        328606.09375,
        266518.9375
      ]
    },
    "r2": {
      "mean": 0.7707527279853821,
      "std": 0.00529444646910845,
      "values": [
        0.7680818438529968,
        0.7729030251502991,
        0.776294469833374,
        0.761719822883606,
        0.7747644782066345
      ]
    },
    "accuracy": {
      "mean": 74.3480403459516,
      "std": 0.506998554164703,
      "values": [
        74.39949002427811,
        74.63458521522513,
        74.90946574617857,
        73.40802126707266,
        74.38863947700362
      ]
    },
    "accuracy_threshold": {
      "mean": 0.05,
      "std": 0.0,
      "values": [
        0.05,
        0.05,
        0.05,
        0.05,
        0.05
      ]
    },
    "num_samples": {
      "mean": 221187.0,
      "std": 0.0,
      "values": [
        221187,
        221187,
        221187,
        221187,
        221187
      ]
    }
  },
  "inference": {
    "mean_ms": {
      "mean": 0.054426151979714635,
      "std": 0.0003792731737563216
    },
    "std_ms": {
      "mean": 0.006894227529453281,
      "std": 0.0022068073340651443
    },
    "min_ms": {
      "mean": 0.051879987586289644,
      "std": 0.00024819536278737115
    },
    "max_ms": {
      "mean": 0.28126000543124974,
      "std": 0.21325757492053804
    },
    "p50_ms": {
      "mean": 0.05316800263244659,
      "std": 0.0002639984560611744
    },
    "p50_std_ms": {
      "mean": 0.00010296640444523914,
      "std": 5.1739324728315174e-05
    },
    "p95_ms": {
      "mean": 0.06105499831028281,
      "std": 0.0035377602690287685
    },
    "p95_std_ms": {
      "mean": 0.004285091825300875,
      "std": 0.0018073334422267645
    },
    "p99_ms": {
      "mean": 0.08060268363915384,
      "std": 0.0019556725884245087
    },
    "p99_std_ms": {
      "mean": 0.005256991294633277,
      "std": 0.0029268724077690118
    },
    "device": "cpu",
    "num_threads": {
      "mean": 1.0,
      "std": 0.0
    },
    "warmup_iterations": {
      "mean": 100.0,
      "std": 0.0
    },
    "num_samples": {
      "mean": 1000.0,
      "std": 0.0
    },
    "num_runs": {
      "mean": 5.0,
      "std": 0.0
    },
    "total_samples": {
      "mean": 5000.0,
      "std": 0.0
    }
  },
  "per_seed": {
    "7": {
      "model": {
        "name": "M2_MLP_Flat",
        "type": "mlp_flat",
        "parameters": 40449,
        "flops": 40256,
        "flops_formatted": "40.256K",
        "macs": 20128,
        "macs_formatted": "2",
        "checkpoint": "C:\\Users\\MSchm\\Documents\\att_project\\lightning_logs\\M2_MLP_Flat_seed7\\version_0\\checkpoints\\M2_MLP_Flat_seed7-epoch=07-val_loss=0.0026.ckpt"
      },
      "data": {
        "variant": "paper",
        "vehicle": "HYUNDAI_SONATA_2020",
        "window_size": 50
      },
      "metrics": {
        "mse": 0.0026343693025410175,
        "rmse": 0.05132610741660639,
        "mae": 0.03737074136734009,
        "mape": 387611.8125,
        "r2": 0.7680818438529968,
        "accuracy": 74.39949002427811,
        "accuracy_threshold": 0.05,
        "num_samples": 221187
      },
      "sequence_metrics": {
        "n_sequences": 500,
        "mae_mean": 0.03842865745350719,
        "mae_std": 0.015781817078320926,
        "mae_median": 0.03478168323636055,
        "rmse_mean": 0.04933538368344307,
        "rmse_std": 0.020444970835626318,
        "rmse_median": 0.04351712204515934,
        "accuracy_mean": 73.52188733000102,
        "accuracy_std": 14.793178070431361,
        "accuracy_median": 75.99514306831381
      },
      "inference": {
        "mean_ms": 0.05504395993775688,
        "std_ms": 0.005623840228789529,
        "min_ms": 0.05199998850002885,
        "max_ms": 0.1432000135537237,
        "p50_ms": 0.05362000083550811,
        "p50_std_ms": 9.798033577626338e-05,
        "p95_ms": 0.06400799873517822,
        "p95_std_ms": 0.0035790587217426903,
        "p99_ms": 0.08142700290773064,
        "p99_std_ms": 0.0025135684758199016,
        "device": "cpu",
        "num_threads": 1,
        "warmup_iterations": 100,
        "num_samples": 1000,
        "num_runs": 5,
        "total_samples": 5000
      },
      "flops": {
        "flops": 40256,
        "flops_formatted": "40.256K",
        "macs": 20128,
        "macs_formatted": "2",
        "params_thop": 40449,
        "params_formatted": "40.449K"
      },
      "plots": {
        "scatter": "C:\\Users\\MSchm\\Documents\\att_project\\results\\no_dropout\\m2\\seed_7\\M2_MLP_Flat_scatter.png",
        "residuals": "C:\\Users\\MSchm\\Documents\\att_project\\results\\no_dropout\\m2\\seed_7\\M2_MLP_Flat_residuals.png",
        "timeline": "C:\\Users\\MSchm\\Documents\\att_project\\results\\no_dropout\\m2\\seed_7\\M2_MLP_Flat_timeline.png",
        "error_distribution": "C:\\Users\\MSchm\\Documents\\att_project\\results\\no_dropout\\m2\\seed_7\\M2_MLP_Flat_error_distribution.png"
      },
      "predictions_csv": "C:\\Users\\MSchm\\Documents\\att_project\\results\\paper\\M2_MLP_Flat\\seed_42\\M2_MLP_Flat_predictions.csv",
      "config_path": "C:\\Users\\MSchm\\Documents\\att_project\\config\\model_configs\\m2_mlp_flat.yaml"
    },
    "42": {
      "model": {
        "name": "M2_MLP_Flat",
        "type": "mlp_flat",
        "parameters": 40449,
        "flops": 40256,
        "flops_formatted": "40.256K",
        "macs": 20128,
        "macs_formatted": "2",
        "checkpoint": "C:\\Users\\MSchm\\Documents\\att_project\\lightning_logs\\M2_MLP_Flat_seed42\\version_0\\checkpoints\\M2_MLP_Flat_seed42-epoch=08-val_loss=0.0026.ckpt"
      },
      "data": {
        "variant": "paper",
        "vehicle": "HYUNDAI_SONATA_2020",
        "window_size": 50
      },
      "metrics": {
        "mse": 0.002579605206847191,
        "rmse": 0.05078981400681824,
        "mae": 0.03710325062274933,
        "mape": 331338.0,
        "r2": 0.7729030251502991,
        "accuracy": 74.63458521522513,
        "accuracy_threshold": 0.05,
        "num_samples": 221187
      },
      "sequence_metrics": {
        "n_sequences": 500,
        "mae_mean": 0.038190714184194806,
        "mae_std": 0.0156376898528856,
        "mae_median": 0.034597039222717285,
        "rmse_mean": 0.04901100295782089,
        "rmse_std": 0.019914347563027013,
        "rmse_median": 0.044480716809630394,
        "accuracy_mean": 73.7221572983771,
        "accuracy_std": 15.320247144794392,
        "accuracy_median": 76.52409339294584
      },
      "inference": {
        "mean_ms": 0.05464039978105575,