{
  "model": {
    "name": "M5_Medium_Baseline",
    "type": "baseline",
    "parameters": 597633,
    "flops": 30131328,
    "flops_formatted": "30.131M",
    "macs": 15065664,
    "macs_formatted": "1",
    "checkpoint": "C:\\Users\\MSchm\\Documents\\att_project\\lightning_logs\\M5_Medium_Baseline_seed94\\version_0\\checkpoints\\M5_Medium_Baseline_seed94-epoch=04-val_loss=0.0020.ckpt"
  },
  "data": {
    "variant": "paper",
    "vehicle": "HYUNDAI_SONATA_2020",
    "window_size": 50
  },
  "metrics": {
    "mse": 0.001966521143913269,
    "rmse": 0.04434547489782096,
    "mae": 0.031878214329481125,
    "mape": 265413.34375,
    "r2": 0.8268762230873108,
    "accuracy": 80.54361241845136,
    "accuracy_threshold": 0.05,
    "num_samples": 221187
  },
  "sequence_metrics": {
    "n_sequences": 500,
    "mae_mean": 0.032667637012898924,
    "mae_std": 0.0122567840956427,
    "mae_median": 0.030344553291797638,
    "rmse_mean": 0.04243618384003639,
    "rmse_std": 0.016277926906876215,
    "rmse_median": 0.039434218779206276,
    "accuracy_mean": 79.62323391846631,
    "accuracy_std": 13.256359330953076,
    "accuracy_median": 81.40495588155687
  },
  "inference": {
    "mean_ms": 2.52361877959338,
    "std_ms": 0.06031924273375432,
    "min_ms": 2.479200018569827,
    "max_ms": 3.388000011909753,
    "p50_ms": 2.5027699972270057,
    "p50_std_ms": 0.005971984760455351,
    "p95_ms": 2.6297910007997416,
    "p95_std_ms": 0.03129053506278141,
    "p99_ms": 2.7497566056554206,
    "p99_std_ms": 0.06985288112959903,
    "device": "cpu",
    "num_threads": 1,
    "warmup_iterations": 100,
    "num_samples": 1000,
    "num_runs": 5,
    "total_samples": 5000
  },
  "flops": {
    "flops": 30131328,
    "flops_formatted": "30.131M",
    "macs": 15065664,
    "macs_formatted": "1",
    "params_thop": 597633,
    "params_formatted": "597.633K"
  },
  "plots": {
    "scatter": "C:\\Users\\MSchm\\Documents\\att_project\\results\\no_dropout\\m5\\seed_94\\M5_Medium_Baseline_scatter.png",
    "residuals": "C:\\Users\\MSchm\\Documents\\att_project\\results\\no_dropout\\m5\\seed_94\\M5_Medium_Baseline_residuals.png",
    "timeline": "C:\\Users\\MSchm\\Documents\\att_project\\results\\no_dropout\\m5\\seed_94\\M5_Medium_Baseline_timeline.png",
    "error_distribution": "C:\\Users\\MSchm\\Documents\\att_project\\results\\no_dropout\\m5\\seed_94\\M5_Medium_Baseline_error_distribution.png"
  },
  "predictions_csv": "C:\\Users\\MSchm\\Documents\\att_project\\results\\paper\\M5_Medium_Baseline\\seed_42\\M5_Medium_Baseline_predictions.csv",
  "config_path": "C:\\Users\\MSchm\\Documents\\att_project\\config\\model_configs\\m5_medium_baseline.yaml"
}