{
  "model": {
    "name": "M5_Medium_Baseline",
    "type": "baseline",
    "parameters": 597633,
    "flops": 30131328,
    "flops_formatted": "30.131M",
    "macs": 15065664,
    "macs_formatted": "1",
    "checkpoint": "C:\\Users\\MSchm\\Documents\\att_project\\lightning_logs\\M5_Medium_Baseline_seed7\\version_0\\checkpoints\\M5_Medium_Baseline_seed7-epoch=03-val_loss=0.0020.ckpt"
  },
  "data": {
    "variant": "paper",
    "vehicle": "HYUNDAI_SONATA_2020",
    "window_size": 50
  },
  "seeds": [
    7,
    42,
    94,
    123,
    231
  ],
  "num_seeds": 5,
  "metrics": {
    "mse": {
      "mean": 0.0019553941674530506,
      "std": 3.106409095721562e-05,
      "values": [
        0.001925963326357305,
        0.0019517852924764156,
        0.001966521143913269,
        0.001924031530506909,
        0.0020086695440113544
      ]
    },
    "rmse": {
      "mean": 0.044218450949490534,
      "std": 0.00035037562779120416,
      "values": [
        0.04388579868656038,
        0.04417901416370012,
        0.04434547489782096,
        0.04386378381429159,
        0.04481818318507963
      ]
    },
    "mae": {
      "mean": 0.03187120482325554,
      "std": 0.00022709664317952704,
      "values": [
        0.03172018378973007,
        0.03163667395710945,
        0.031878214329481125,
        0.031827714294195175,
        0.03229323774576187
      ]
    },
    "mape": {
      "mean": 265600.20625,
      "std": 18187.876299260104,
      "values": [
        278505.40625,
        236789.15625,
        265413.34375,
        289892.34375,
        257400.78125
      ]
    },
    "r2": {
      "mean": 0.8278558015823364,
      "std": 0.002734755822828189,
      "values": [
        0.8304467797279358,
        0.8281735181808472,
        0.8268762230873108,
        0.83061683177948,
        0.8231656551361084
      ]
    },
    "accuracy": {
      "mean": 80.54623463404269,
      "std": 0.29704307639494226,
      "values": [
        80.69642429256693,
        80.89941994782696,
        80.54361241845136,
        80.5861103952764,
        80.00560611609181
      ]
    },
    "accuracy_threshold": {
      "mean": 0.05,
      "std": 0.0,
      "values": [
        0.05,
        0.05,
        0.05,
        0.05,
        0.05
      ]
    },
    "num_samples": {
      "mean": 221187.0,
      "std": 0.0,
      "values": [
        221187,
        221187,
        221187,
        221187,
        221187
      ]
    }
  },
  "inference": {
    "mean_ms": {
      "mean": 2.5266557761072184,
      "std": 0.0031374011458189612
    },
    "std_ms": {
      "mean": 0.06385244402852895,
      "std": 0.007543319725767258
    },
    "min_ms": {
      "mean": 2.4810400034766644,
      "std": 0.0036114227031777022
    },
    "max_ms": {
      "mean": 3.5560599993914366,
      "std": 0.11244780920145327
    },
    "p50_ms": {
      "mean": 2.507075999164954,
      "std": 0.00418084018727441
    },
    "p50_std_ms": {
      "mean": 0.00520744097127496,
      "std": 0.0008671582818536898
    },
    "p95_ms": {
      "mean": 2.623032800562214,
      "std": 0.008332580990212491
    },
    "p95_std_ms": {
      "mean": 0.021131377583484757,
      "std": 0.010249331588486163
    },
    "p99_ms": {
      "mean": 2.7757238406105897,
      "std": 0.036513851272669214
    },
    "p99_std_ms": {
      "mean": 0.0929498439227197,
      "std": 0.04658902790924003
    },
    "device": "cpu",
    "num_threads": {
      "mean": 1.0,
      "std": 0.0
    },
    "warmup_iterations": {
      "mean": 100.0,
      "std": 0.0
    },
    "num_samples": {
      "mean": 1000.0,
      "std": 0.0
    },
    "num_runs": {
      "mean": 5.0,
      "std": 0.0
    },
    "total_samples": {
      "mean": 5000.0,
      "std": 0.0
    }
  },
  "per_seed": {
    "7": {
      "model": {
        "name": "M5_Medium_Baseline",
        "type": "baseline",
        "parameters": 597633,
        "flops": 30131328,
        "flops_formatted": "30.131M",
        "macs": 15065664,
        "macs_formatted": "1",
        "checkpoint": "C:\\Users\\MSchm\\Documents\\att_project\\lightning_logs\\M5_Medium_Baseline_seed7\\version_0\\checkpoints\\M5_Medium_Baseline_seed7-epoch=03-val_loss=0.0020.ckpt"
      },
      "data": {
        "variant": "paper",
        "vehicle": "HYUNDAI_SONATA_2020",
        "window_size": 50
      },
      "metrics": {
        "mse": 0.001925963326357305,
        "rmse": 0.04388579868656038,
        "mae": 0.03172018378973007,
        "mape": 278505.40625,
        "r2": 0.8304467797279358,
        "accuracy": 80.69642429256693,
        "accuracy_threshold": 0.05,
        "num_samples": 221187
      },
      "sequence_metrics": {
        "n_sequences": 500,
        "mae_mean": 0.03252972566522658,
        "mae_std": 0.01190901738304798,
        "mae_median": 0.029915787279605865,
        "rmse_mean": 0.04212392329797149,
        "rmse_std": 0.015887449961030604,
        "rmse_median": 0.03883378021419048,
        "accuracy_mean": 79.74152463804371,
        "accuracy_std": 13.127516281683944,
        "accuracy_median": 82.33151183970855
      },
      "inference": {
        "mean_ms": 2.522225259972038,
        "std_ms": 0.06509290159716512,
        "min_ms": 2.4802999978419393,
        "max_ms": 3.5850999993272126,
        "p50_ms": 2.502289999392815,
        "p50_std_ms": 0.0059268390771780805,
        "p95_ms": 2.6104559990926646,
        "p95_std_ms": 0.018344675497038495,
        "p99_ms": 2.781373601173982,
        "p99_std_ms": 0.09103309063424717,
        "device": "cpu",
        "num_threads": 1,
        "warmup_iterations": 100,
        "num_samples": 1000,
        "num_runs": 5,
        "total_samples": 5000
      },
      "flops": {
        "flops": 30131328,
        "flops_formatted": "30.131M",
        "macs": 15065664,
        "macs_formatted": "1",
        "params_thop": 597633,
        "params_formatted": "597.633K"
      },
      "plots": {
        "scatter": "C:\\Users\\MSchm\\Documents\\att_project\\results\\no_dropout\\m5\\seed_7\\M5_Medium_Baseline_scatter.png",
        "residuals": "C:\\Users\\MSchm\\Documents\\att_project\\results\\no_dropout\\m5\\seed_7\\M5_Medium_Baseline_residuals.png",
        "timeline": "C:\\Users\\MSchm\\Documents\\att_project\\results\\no_dropout\\m5\\seed_7\\M5_Medium_Baseline_timeline.png",
        "error_distribution": "C:\\Users\\MSchm\\Documents\\att_project\\results\\no_dropout\\m5\\seed_7\\M5_Medium_Baseline_error_distribution.png"
      },
      "predictions_csv": "C:\\Users\\MSchm\\Documents\\att_project\\results\\paper\\M5_Medium_Baseline\\seed_42\\M5_Medium_Baseline_predictions.csv",
      "config_path": "C:\\Users\\MSchm\\Documents\\att_project\\config\\model_configs\\m5_medium_baseline.yaml"
    },
    "42": {
      "model": {
        "name": "M5_Medium_Baseline",
        "type": "baseline",
        "parameters": 597633,
        "flops": 30131328,
        "flops_formatted": "30.131M",
        "macs": 15065664,
        "macs_formatted": "1",
        "checkpoint": "C:\\Users\\MSchm\\Documents\\att_project\\lightning_logs\\M5_Medium_Baseline_seed42\\version_0\\checkpoints\\M5_Medium_Baseline_seed42-epoch=06-val_loss=0.0020.ckpt"
      },
      "data": {
        "variant": "paper",
        "vehicle": "HYUNDAI_SONATA_2020",
        "window_size": 50
      },
      "metrics": {
        "mse": 0.0019517852924764156,
        "rmse": 0.04417901416370012,
        "mae": 0.03163667395710945,
        "mape": 236789.15625,
        "r2": 0.8281735181808472,
        "accuracy": 80.89941994782696,
        "accuracy_threshold": 0.05,
        "num_samples": 221187
      },
      "sequence_metrics": {
        "n_sequences": 500,
        "mae_mean": 0.032452506501227614,
        "mae_std": 0.012219201746739905,
        "mae_median": 0.029997559264302254,
        "rmse_mean": 0.0422175684273243,
        "rmse_std": 0.01664711697789894,
        "rmse_median": 0.038712278008461,
        "accuracy_mean": 79.97636157542158,
        "accuracy_std": 13.081467881391795,