{
  "model": {
    "name": "M1_MLP_Last",
    "type": "mlp_last",
    "parameters": 4609,
    "flops": 4480,
    "flops_formatted": "4.480K",
    "macs": 2240,
    "macs_formatted": "2",
    "checkpoint": "C:\\Users\\MSchm\\Documents\\att_project\\lightning_logs\\M1_MLP_Last_seed7\\version_0\\checkpoints\\M1_MLP_Last_seed7-epoch=07-val_loss=0.0035.ckpt"
  },
  "data": {
    "variant": "paper",
    "vehicle": "HYUNDAI_SONATA_2020",
    "window_size": 50
  },
  "seeds": [
    7,
    42,
    94,
    123,
    231
  ],
  "num_seeds": 5,
  "metrics": {
    "mse": {
      "mean": 0.003494227631017566,
      "std": 7.321111826207807e-05,
      "values": [
        0.003616609610617161,
        0.003506742650642991,
        0.003396914806216955,
        0.0035027237609028816,
        0.00344814732670784
      ]
    },
    "rmse": {
      "mean": 0.059108761762155036,
      "std": 0.0006179918788820734,
      "values": [
        0.06013825413675692,
        0.059217756210810546,
        0.05828305762583973,
        0.05918381333525985,
        0.05872092750210814
      ]
    },
    "mae": {
      "mean": 0.04218438193202019,
      "std": 0.00031569785041159307,
      "values": [
        0.04270428419113159,
        0.04230409488081932,
        0.04175937548279762,
        0.0421479195356369,
        0.0420062355697155
      ]
    },
    "mape": {
      "mean": 249010.4625,
      "std": 22961.721338361513,
      "values": [
        254557.84375,
        232602.828125,
        291421.375,
        228773.53125,
        237696.734375
      ]
    },
    "r2": {
      "mean": 0.6923837423324585,
      "std": 0.006445194615863091,
      "values": [
        0.6816097497940063,
        0.6912819743156433,
        0.7009507417678833,
        0.69163578748703,
        0.6964404582977295
      ]
    },
    "accuracy": {
      "mean": 70.11189626876805,
      "std": 0.25771264882626166,
      "values": [
        69.72154783056871,
        69.91911821219149,
        70.44084869363932,
        70.27085678633917,
        70.2071098211016
      ]
    },
    "accuracy_threshold": {
      "mean": 0.05,
      "std": 0.0,
      "values": [
        0.05,
        0.05,
        0.05,
        0.05,
        0.05
      ]
    },
    "num_samples": {
      "mean": 221187.0,
      "std": 0.0,
      "values": [
        221187,
        221187,
        221187,
        221187,
        221187
      ]
    }
  },
  "inference": {
    "mean_ms": {
      "mean": 0.058737775951158255,
      "std": 0.0003533869198854244
    },
    "std_ms": {
      "mean": 0.006051593336960166,
      "std": 0.0005406391736490735
    },
    "min_ms": {
      "mean": 0.056219997350126505,
      "std": 0.00017204713913004325
    },
    "max_ms": {
      "mean": 0.1891799969598651,
      "std": 0.039102499728635644
    },
    "p50_ms": {
      "mean": 0.05742600129451603,
      "std": 0.00015200040683312747
    },
    "p50_std_ms": {
      "mean": 8.111448004151154e-05,
      "std": 3.0668859451069285e-05
    },
    "p95_ms": {
      "mean": 0.06578700261889026,
      "std": 0.0027921807056309218
    },
    "p95_std_ms": {
      "mean": 0.00482237946120043,
      "std": 0.0020066970683207406
    },
    "p99_ms": {
      "mean": 0.08402792059350758,
      "std": 0.0019821512576770543
    },
    "p99_std_ms": {
      "mean": 0.005775121244460791,
      "std": 0.003502409059128212
    },
    "device": "cpu",
    "num_threads": {
      "mean": 1.0,
      "std": 0.0
    },
    "warmup_iterations": {
      "mean": 100.0,
      "std": 0.0
    },
    "num_samples": {
      "mean": 1000.0,
      "std": 0.0
    },
    "num_runs": {
      "mean": 5.0,
      "std": 0.0
    },
    "total_samples": {
      "mean": 5000.0,
      "std": 0.0
    }
  },
  "per_seed": {
    "7": {
      "model": {
        "name": "M1_MLP_Last",
        "type": "mlp_last",
        "parameters": 4609,
        "flops": 4480,
        "flops_formatted": "4.480K",
        "macs": 2240,
        "macs_formatted": "2",
        "checkpoint": "C:\\Users\\MSchm\\Documents\\att_project\\lightning_logs\\M1_MLP_Last_seed7\\version_0\\checkpoints\\M1_MLP_Last_seed7-epoch=07-val_loss=0.0035.ckpt"
      },
      "data": {
        "variant": "paper",
        "vehicle": "HYUNDAI_SONATA_2020",
        "window_size": 50
      },
      "metrics": {
        "mse": 0.003616609610617161,
        "rmse": 0.06013825413675692,
        "mae": 0.04270428419113159,
        "mape": 254557.84375,
        "r2": 0.6816097497940063,
        "accuracy": 69.72154783056871,
        "accuracy_threshold": 0.05,
        "num_samples": 221187
      },
      "sequence_metrics": {
        "n_sequences": 500,
        "mae_mean": 0.04388721352443099,
        "mae_std": 0.01954720706951563,
        "mae_median": 0.03901606984436512,
        "rmse_mean": 0.056376040656119585,
        "rmse_std": 0.025245770755580155,
        "rmse_median": 0.049646614119410515,
        "accuracy_mean": 68.58536489649781,
        "accuracy_std": 16.735136479592246,
        "accuracy_median": 71.25583266291231
      },
      "inference": {
        "mean_ms": 0.05827228000271134,
        "std_ms": 0.005193947592919326,
        "min_ms": 0.056200020480901,
        "max_ms": 0.16650001634843647,
        "p50_ms": 0.05746000097133219,
        "p50_std_ms": 0.0001019811668008613,
        "p95_ms": 0.06092300405725837,
        "p95_std_ms": 0.001212889178027394,
        "p99_ms": 0.0820971963694319,
        "p99_std_ms": 0.010700185953747925,
        "device": "cpu",
        "num_threads": 1,
        "warmup_iterations": 100,
        "num_samples": 1000,
        "num_runs": 5,
        "total_samples": 5000
      },
      "flops": {
        "flops": 4480,
        "flops_formatted": "4.480K",
        "macs": 2240,
        "macs_formatted": "2",
        "params_thop": 4609,
        "params_formatted": "4.609K"
      },
      "plots": {
        "scatter": "C:\\Users\\MSchm\\Documents\\att_project\\results\\no_dropout\\m1\\seed_7\\M1_MLP_Last_scatter.png",
        "residuals": "C:\\Users\\MSchm\\Documents\\att_project\\results\\no_dropout\\m1\\seed_7\\M1_MLP_Last_residuals.png",
        "timeline": "C:\\Users\\MSchm\\Documents\\att_project\\results\\no_dropout\\m1\\seed_7\\M1_MLP_Last_timeline.png",
        "error_distribution": "C:\\Users\\MSchm\\Documents\\att_project\\results\\no_dropout\\m1\\seed_7\\M1_MLP_Last_error_distribution.png"
      },
      "predictions_csv": "C:\\Users\\MSchm\\Documents\\att_project\\results\\paper\\M1_MLP_Last\\seed_42\\M1_MLP_Last_predictions.csv",
      "config_path": "C:\\Users\\MSchm\\Documents\\att_project\\config\\model_configs\\m1_mlp_last.yaml"
    },
    "42": {
      "model": {
        "name": "M1_MLP_Last",
        "type": "mlp_last",
        "parameters": 4609,
        "flops": 4480,
        "flops_formatted": "4.480K",
        "macs": 2240,
        "macs_formatted": "2",
        "checkpoint": "C:\\Users\\MSchm\\Documents\\att_project\\lightning_logs\\M1_MLP_Last_seed42\\version_0\\checkpoints\\M1_MLP_Last_seed42-epoch=07-val_loss=0.0035.ckpt"
      },
      "data": {
        "variant": "paper",
        "vehicle": "HYUNDAI_SONATA_2020",
        "window_size": 50
      },
      "metrics": {
        "mse": 0.003506742650642991,
        "rmse": 0.059217756210810546,
        "mae": 0.04230409488081932,
        "mape": 232602.828125,
        "r2": 0.6912819743156433,
        "accuracy": 69.91911821219149,
        "accuracy_threshold": 0.05,
        "num_samples": 221187
      },
      "sequence_metrics": {
        "n_sequences": 500,
        "mae_mean": 0.04355478176474571,
        "mae_std": 0.01877536642902518,
        "mae_median": 0.03877110220491886,
        "rmse_mean": 0.05601683964580297,
        "rmse_std": 0.024247025547151767,
        "rmse_median": 0.05014942027628422,
        "accuracy_mean": 68.75711072779971,
        "accuracy_std": 16.69424047578428,
        "accuracy_median": 71.3801652892562
      },
      "inference": {
        "mean_ms": 0.05862611985066905,