{
  "model": {
    "name": "M1_MLP_Last",
    "type": "mlp_last",
    "parameters": 4609,
    "flops": 4480,
    "flops_formatted": "4.480K",
    "macs": 2240,
    "macs_formatted": "2",
    "checkpoint": "C:\\Users\\MSchm\\Documents\\att_project\\lightning_logs\\M1_MLP_Last_seed94\\version_0\\checkpoints\\M1_MLP_Last_seed94-epoch=03-val_loss=0.0035.ckpt"
  },
  "data": {
    "variant": "paper",
    "vehicle": "HYUNDAI_SONATA_2020",
    "window_size": 50
  },
  "metrics": {
    "mse": 0.003396914806216955,
    "rmse": 0.05828305762583973,
    "mae": 0.04175937548279762,
    "mape": 291421.375,
    "r2": 0.7009507417678833,
    "accuracy": 70.44084869363932,
    "accuracy_threshold": 0.05,
    "num_samples": 221187
  },
  "sequence_metrics": {
    "n_sequences": 500,
    "mae_mean": 0.04305809619277716,
    "mae_std": 0.0182607525987289,
    "mae_median": 0.038819367066025734,
    "rmse_mean": 0.055442228611558675,
    "rmse_std": 0.023567576256226477,
    "rmse_median": 0.04956796020269394,
    "accuracy_mean": 69.3282964600616,
    "accuracy_std": 16.39717614407208,
    "accuracy_median": 71.04273964609912
  },
  "inference": {
    "mean_ms": 0.059050759935053064,
    "std_ms": 0.006279922028920339,
    "min_ms": 0.05629999213851988,
    "max_ms": 0.17980000120587647,
    "p50_ms": 0.057520001428201795,
    "p50_std_ms": 4.00003045797348e-05,
    "p95_ms": 0.06754800182534379,
    "p95_std_ms": 0.004607366203333483,
    "p99_ms": 0.0865239953272976,
    "p99_std_ms": 0.002398393237630795,
    "device": "cpu",
    "num_threads": 1,
    "warmup_iterations": 100,
    "num_samples": 1000,
    "num_runs": 5,
    "total_samples": 5000
  },
  "flops": {
    "flops": 4480,
    "flops_formatted": "4.480K",
    "macs": 2240,
    "macs_formatted": "2",
    "params_thop": 4609,
    "params_formatted": "4.609K"
  },
  "plots": {
    "scatter": "C:\\Users\\MSchm\\Documents\\att_project\\results\\no_dropout\\m1\\seed_94\\M1_MLP_Last_scatter.png",
    "residuals": "C:\\Users\\MSchm\\Documents\\att_project\\results\\no_dropout\\m1\\seed_94\\M1_MLP_Last_residuals.png",
    "timeline": "C:\\Users\\MSchm\\Documents\\att_project\\results\\no_dropout\\m1\\seed_94\\M1_MLP_Last_timeline.png",
    "error_distribution": "C:\\Users\\MSchm\\Documents\\att_project\\results\\no_dropout\\m1\\seed_94\\M1_MLP_Last_error_distribution.png"
  },
  "predictions_csv": "C:\\Users\\MSchm\\Documents\\att_project\\results\\paper\\M1_MLP_Last\\seed_42\\M1_MLP_Last_predictions.csv",
  "config_path": "C:\\Users\\MSchm\\Documents\\att_project\\config\\model_configs\\m1_mlp_last.yaml"
}