{
  "model": {
    "name": "M1_MLP_Last",
    "type": "mlp_last",
    "parameters": 4609,
    "flops": 4480,
    "flops_formatted": "4.480K",
    "macs": 2240,
    "macs_formatted": "2",
    "checkpoint": "C:\\Users\\MSchm\\Documents\\att_project\\lightning_logs\\M1_MLP_Last_seed42\\version_0\\checkpoints\\M1_MLP_Last-epoch=05-val_loss=0.0035.ckpt"
  },
  "data": {
    "variant": "paper",
    "vehicle": "HYUNDAI_SONATA_2020",
    "window_size": 50
  },
  "seeds": [
    42,
    94,
    123
  ],
  "num_seeds": 3,
  "metrics": {
    "mse": {
      "mean": 0.003480824719493588,
      "std": 1.531461684783502e-05,
      "values": [
        0.0034853944089263678,
        0.003460205625742674,
        0.003496874123811722
      ]
    },
    "rmse": {
      "mean": 0.05899837166222493,
      "std": 0.00012984875649232227,
      "values": [
        0.05903722900785883,
        0.05882351252469266,
        0.05913437345412329
      ]
    },
    "mae": {
      "mean": 0.04216416304310163,
      "std": 6.750055627977688e-05,
      "values": [
        0.04219000041484833,
        0.04207165911793709,
        0.04223082959651947
      ]
    },
    "mape": {
      "mean": 280345.7708333333,
      "std": 38433.64543187596,
      "values": [
        333007.4375,
        242362.5,
        265667.375
      ]
    },
    "r2": {
      "mean": 0.7083801428476969,
      "std": 0.0012830291588041575,
      "values": [
        0.7079973220825195,
        0.7101075649261475,
        0.7070355415344238
      ]
    },
    "accuracy": {
      "mean": 70.01443106328013,
      "std": 0.02787175477489098,
      "values": [
        69.97914840069596,
        70.0472908820817,
        70.01685390706274
      ]
    },
    "accuracy_threshold": {
      "mean": 0.05000000000000001,
      "std": 6.938893903907228e-18,
      "values": [
        0.05,
        0.05,
        0.05
      ]
    },
    "num_samples": {
      "mean": 220127.0,
      "std": 0.0,
      "values": [
        220127,
        220127,
        220127
      ]
    }
  },
  "inference": {
    "mean_ms": {
      "mean": 0.05999817344903325,
      "std": 0.0006952485622935192
    },
    "std_ms": {
      "mean": 0.010315715199319859,
      "std": 0.004263560191613075
    },
    "min_ms": {
      "mean": 0.056800025049597025,
      "std": 0.00029439427052374697
    },
    "max_ms": {
      "mean": 0.38833336050932604,
      "std": 0.18986597429566596
    },
    "p50_ms": {
      "mean": 0.058189991007869445,
      "std": 0.0003001244957818169
    },
    "p50_std_ms": {
      "mean": 0.00010668016976343035,
      "std": 5.1166422352332874e-05
    },
    "p95_ms": {
      "mean": 0.06803332789180179,
      "std": 0.0018857885605317853
    },
    "p95_std_ms": {
      "mean": 0.00849547419686949,
      "std": 0.001696670619373742
    },
    "p99_ms": {
      "mean": 0.09321099950466304,
      "std": 0.011163248309208961
    },
    "p99_std_ms": {
      "mean": 0.011774847248193656,
      "std": 0.005446452355840694
    },
    "device": "cpu",
    "num_threads": {
      "mean": 1.0,
      "std": 0.0
    },
    "warmup_iterations": {
      "mean": 100.0,
      "std": 0.0
    },
    "num_samples": {
      "mean": 1000.0,
      "std": 0.0
    },
    "num_runs": {
      "mean": 5.0,
      "std": 0.0
    },
    "total_samples": {
      "mean": 5000.0,
      "std": 0.0
    }
  },
  "per_seed": {
    "42": {
      "model": {
        "name": "M1_MLP_Last",
        "type": "mlp_last",
        "parameters": 4609,
        "flops": 4480,
        "flops_formatted": "4.480K",
        "macs": 2240,
        "macs_formatted": "2",
        "checkpoint": "C:\\Users\\MSchm\\Documents\\att_project\\lightning_logs\\M1_MLP_Last_seed42\\version_0\\checkpoints\\M1_MLP_Last-epoch=05-val_loss=0.0035.ckpt"
      },
      "data": {
        "variant": "paper",
        "vehicle": "HYUNDAI_SONATA_2020",
        "window_size": 50
      },
      "metrics": {
        "mse": 0.0034853944089263678,
        "rmse": 0.05903722900785883,
        "mae": 0.04219000041484833,
        "mape": 333007.4375,
        "r2": 0.7079973220825195,
        "accuracy": 69.97914840069596,
        "accuracy_threshold": 0.05,
        "num_samples": 220127
      },
      "inference": {
        "mean_ms": 0.05972143999533728,
        "std_ms": 0.00703075558832185,
        "min_ms": 0.05720002809539437,
        "max_ms": 0.27050002245232463,
        "p50_ms": 0.058490008814260364,
        "p50_std_ms": 6.63330060032193e-05,
        "p95_ms": 0.06544599833432585,
        "p95_std_ms": 0.006096621426171266,
        "p99_ms": 0.08336319460067898,
        "p99_std_ms": 0.011739229747200356,
        "device": "cpu",
        "num_threads": 1,
        "warmup_iterations": 100,
        "num_samples": 1000,
        "num_runs": 5,
        "total_samples": 5000
      },
      "flops": {
        "flops": 4480,
        "flops_formatted": "4.480K",
        "macs": 2240,
        "macs_formatted": "2",
        "params_thop": 4609,
        "params_formatted": "4.609K"
      },
      "plots": {
        "scatter": "C:\\Users\\MSchm\\Documents\\att_project\\results\\no_dropout\\m1\\seed_42\\M1_MLP_Last_scatter.png",
        "residuals": "C:\\Users\\MSchm\\Documents\\att_project\\results\\no_dropout\\m1\\seed_42\\M1_MLP_Last_residuals.png",
        "timeline": "C:\\Users\\MSchm\\Documents\\att_project\\results\\no_dropout\\m1\\seed_42\\M1_MLP_Last_timeline.png",
        "error_distribution": "C:\\Users\\MSchm\\Documents\\att_project\\results\\no_dropout\\m1\\seed_42\\M1_MLP_Last_error_distribution.png"
      },
      "predictions_csv": null,
      "config_path": "C:\\Users\\MSchm\\Documents\\att_project\\config\\model_configs\\m1_mlp_last.yaml"
    },
    "94": {
      "model": {
        "name": "M1_MLP_Last",
        "type": "mlp_last",
        "parameters": 4609,
        "flops": 4480,
        "flops_formatted": "4.480K",
        "macs": 2240,
        "macs_formatted": "2",
        "checkpoint": "C:\\Users\\MSchm\\Documents\\att_project\\lightning_logs\\M1_MLP_Last_seed94\\version_0\\checkpoints\\M1_MLP_Last_seed94-epoch=16-val_loss=0.0034.ckpt"
      },
      "data": {
        "variant": "paper",
        "vehicle": "HYUNDAI_SONATA_2020",
        "window_size": 50
      },
      "metrics": {
        "mse": 0.003460205625742674,
        "rmse": 0.05882351252469266,
        "mae": 0.04207165911793709,
        "mape": 242362.5,
        "r2": 0.7101075649261475,
        "accuracy": 70.0472908820817,
        "accuracy_threshold": 0.05,
        "num_samples": 220127
      },
      "inference": {
        "mean_ms": 0.059319460135884586,
        "std_ms": 0.007579416804584757,
        "min_ms": 0.056500022765249014,
        "max_ms": 0.23830001009628177,
        "p50_ms": 0.057779974304139614,
        "p50_std_ms": 7.483371755198612e-05,
        "p95_ms": 0.06876699975691736,
        "p95_std_ms": 0.009741439000264347,
        "p99_ms": 0.08744880242738873,
        "p99_std_ms": 0.0051222127269218405,
        "device": "cpu",
        "num_threads": 1,
        "warmup_iterations": 100,
        "num_samples": 1000,
        "num_runs": 5,
        "total_samples": 5000
      },
      "flops": {
        "flops": 4480,
        "flops_formatted": "4.480K",
        "macs": 2240,
        "macs_formatted": "2",
        "params_thop": 4609,
        "params_formatted": "4.609K"
      },
      "plots": {
        "scatter": "C:\\Users\\MSchm\\Documents\\att_project\\results\\no_dropout\\m1\\seed_94\\M1_MLP_Last_scatter.png",
        "residuals": "C:\\Users\\MSchm\\Documents\\att_project\\results\\no_dropout\\m1\\seed_94\\M1_MLP_Last_residuals.png",
        "timeline": "C:\\Users\\MSchm\\Documents\\att_project\\results\\no_dropout\\m1\\seed_94\\M1_MLP_Last_timeline.png",
        "error_distribution": "C:\\Users\\MSchm\\Documents\\att_project\\results\\no_dropout\\m1\\seed_94\\M1_MLP_Last_error_distribution.png"
      },
      "predictions_csv": null,