{
  "model": {
    "name": "M7_Medium_Additive_Attention",
    "type": "additive_attention",
    "parameters": 630529,
    "flops": 31769728,
    "flops_formatted": "31.770M",
    "macs": 15884864,
    "macs_formatted": "1",
    "checkpoint": "C:\\Users\\MSchm\\Documents\\att_project\\lightning_logs\\M7_Medium_Additive_Attention_seed42\\version_0\\checkpoints\\M7_Medium_Additive_Attention-epoch=32-val_loss=0.0012.ckpt"
  },
  "data": {
    "variant": "paper",
    "vehicle": "HYUNDAI_SONATA_2020",
    "window_size": 50
  },
  "seeds": [
    42,
    94,
    123
  ],
  "num_seeds": 3,
  "metrics": {
    "mse": {
      "mean": 0.001078739723501106,
      "std": 1.8775498025042608e-05,
      "values": [
        0.0011051463661715388,
        0.0010631289333105087,
        0.0010679438710212708
      ]
    },
    "rmse": {
      "mean": 0.0328429367536249,
      "std": 0.0002850068393928628,
      "values": [
        0.03324374175948819,
        0.03260565799536192,
        0.032679410506024596
      ]
    },
    "mae": {
      "mean": 0.024832692618171375,
      "std": 0.00021878275693042843,
      "values": [
        0.025136588141322136,
        0.02463040128350258,
        0.024731088429689407
      ]
    },
    "mape": {
      "mean": 166233.61458333334,
      "std": 12061.393424944366,
      "values": [
        176821.65625,
        149357.890625,
        172521.296875
      ]
    },
    "r2": {
      "mean": 0.9096243182818095,
      "std": 0.0015729955716058666,
      "values": [
        0.9074119925498962,
        0.910932183265686,
        0.9105287790298462
      ]
    },
    "accuracy": {
      "mean": 88.73347355541723,
      "std": 0.27894970197529556,
      "values": [
        88.339004302062,
        88.9345695893734,
        88.92684677481635
      ]
    },
    "accuracy_threshold": {
      "mean": 0.05000000000000001,
      "std": 6.938893903907228e-18,
      "values": [
        0.05,
        0.05,
        0.05
      ]
    },
    "num_samples": {
      "mean": 220127.0,
      "std": 0.0,
      "values": [
        220127,
        220127,
        220127
      ]
    }
  },
  "inference": {
    "mean_ms": {
      "mean": 3.689508706851241,
      "std": 0.03820326631287344
    },
    "std_ms": {
      "mean": 0.13951984157267763,
      "std": 0.0035823049199565672
    },
    "min_ms": {
      "mean": 3.5839000095923743,
      "std": 0.02845393784393796
    },
    "max_ms": {
      "mean": 5.623400017308692,
      "std": 0.12008408639992774
    },
    "p50_ms": {
      "mean": 3.646560007473454,
      "std": 0.03910133751626807
    },
    "p50_std_ms": {
      "mean": 0.00631832121397665,
      "std": 0.003534920356903563
    },
    "p95_ms": {
      "mean": 3.8970719916202747,
      "std": 0.03537447953684805
    },
    "p95_std_ms": {
      "mean": 0.034646988283222956,
      "std": 0.010142883885776955
    },
    "p99_ms": {
      "mean": 4.167568938302186,
      "std": 0.03129310042933876
    },
    "p99_std_ms": {
      "mean": 0.11913091312328448,
      "std": 0.014338816632023866
    },
    "device": "cpu",
    "num_threads": {
      "mean": 1.0,
      "std": 0.0
    },
    "warmup_iterations": {
      "mean": 100.0,
      "std": 0.0
    },
    "num_samples": {
      "mean": 1000.0,
      "std": 0.0
    },
    "num_runs": {
      "mean": 5.0,
      "std": 0.0
    },
    "total_samples": {
      "mean": 5000.0,
      "std": 0.0
    }
  },
  "per_seed": {
    "42": {
      "model": {
        "name": "M7_Medium_Additive_Attention",
        "type": "additive_attention",
        "parameters": 630529,
        "flops": 31769728,
        "flops_formatted": "31.770M",
        "macs": 15884864,
        "macs_formatted": "1",
        "checkpoint": "C:\\Users\\MSchm\\Documents\\att_project\\lightning_logs\\M7_Medium_Additive_Attention_seed42\\version_0\\checkpoints\\M7_Medium_Additive_Attention-epoch=32-val_loss=0.0012.ckpt"
      },
      "data": {
        "variant": "paper",
        "vehicle": "HYUNDAI_SONATA_2020",
        "window_size": 50
      },
      "metrics": {
        "mse": 0.0011051463661715388,
        "rmse": 0.03324374175948819,
        "mae": 0.025136588141322136,
        "mape": 176821.65625,
        "r2": 0.9074119925498962,
        "accuracy": 88.339004302062,
        "accuracy_threshold": 0.05,
        "num_samples": 220127
      },
      "inference": {
        "mean_ms": 3.7431761600309983,
        "std_ms": 0.13594084112630295,
        "min_ms": 3.6239000037312508,
        "max_ms": 5.644800025038421,
        "p50_ms": 3.7013899942394346,
        "p50_std_ms": 0.011011518918017126,
        "p95_ms": 3.9470970071852207,
        "p95_std_ms": 0.028182035056775218,
        "p99_ms": 4.208610195550136,
        "p99_std_ms": 0.11444849421764242,
        "device": "cpu",
        "num_threads": 1,
        "warmup_iterations": 100,
        "num_samples": 1000,
        "num_runs": 5,
        "total_samples": 5000
      },
      "flops": {
        "flops": 31769728,
        "flops_formatted": "31.770M",
        "macs": 15884864,
        "macs_formatted": "1",
        "params_thop": 630401,
        "params_formatted": "630.401K"
      },
      "plots": {
        "scatter": "C:\\Users\\MSchm\\Documents\\att_project\\results\\no_dropout\\m7\\seed_42\\M7_Medium_Additive_Attention_scatter.png",
        "residuals": "C:\\Users\\MSchm\\Documents\\att_project\\results\\no_dropout\\m7\\seed_42\\M7_Medium_Additive_Attention_residuals.png",
        "timeline": "C:\\Users\\MSchm\\Documents\\att_project\\results\\no_dropout\\m7\\seed_42\\M7_Medium_Additive_Attention_timeline.png",
        "error_distribution": "C:\\Users\\MSchm\\Documents\\att_project\\results\\no_dropout\\m7\\seed_42\\M7_Medium_Additive_Attention_error_distribution.png",
        "attention_npy": "C:\\Users\\MSchm\\Documents\\att_project\\results\\no_dropout\\m7\\seed_42\\M7_Medium_Additive_Attention_attention_weights.npy",
        "attention_heatmap": "C:\\Users\\MSchm\\Documents\\att_project\\results\\no_dropout\\m7\\seed_42\\M7_Medium_Additive_Attention_attention_heatmap.png"
      },
      "predictions_csv": null,
      "config_path": "C:\\Users\\MSchm\\Documents\\att_project\\config\\model_configs\\m7_medium_additive_attn.yaml"
    },
    "94": {
      "model": {
        "name": "M7_Medium_Additive_Attention",
        "type": "additive_attention",
        "parameters": 630529,
        "flops": 31769728,
        "flops_formatted": "31.770M",
        "macs": 15884864,
        "macs_formatted": "1",
        "checkpoint": "C:\\Users\\MSchm\\Documents\\att_project\\lightning_logs\\M7_Medium_Additive_Attention_seed94\\version_0\\checkpoints\\M7_Medium_Additive_Attention_seed94-epoch=34-val_loss=0.0012.ckpt"
      },
      "data": {
        "variant": "paper",
        "vehicle": "HYUNDAI_SONATA_2020",
        "window_size": 50
      },
      "metrics": {
        "mse": 0.0010631289333105087,
        "rmse": 0.03260565799536192,
        "mae": 0.02463040128350258,
        "mape": 149357.890625,
        "r2": 0.910932183265686,
        "accuracy": 88.9345695893734,
        "accuracy_threshold": 0.05,
        "num_samples": 220127
      },
      "inference": {
        "mean_ms": 3.6680682804901155,
        "std_ms": 0.13820411561039078,
        "min_ms": 3.5677000414580107,
        "max_ms": 5.466800008434802,
        "p50_ms": 3.625360020669177,
        "p50_std_ms": 0.005463001805108742,
        "p95_ms": 3.872451997594908,
        "p95_std_ms": 0.048968667983928495,
        "p99_ms": 4.13270959968213,
        "p99_std_ms": 0.10438532332919356,
        "device": "cpu",
        "num_threads": 1,
        "warmup_iterations": 100,
        "num_samples": 1000,
        "num_runs": 5,
        "total_samples": 5000
      },
      "flops": {
        "flops": 31769728,
        "flops_formatted": "31.770M",
        "macs": 15884864,
        "macs_formatted": "1",
        "params_thop": 630401,
        "params_formatted": "630.401K"
      },