{
  "model": {
    "name": "M7_Medium_Additive_Attention",
    "type": "additive_attention",
    "parameters": 630529,
    "flops": 31769728,
    "flops_formatted": "31.770M",
    "macs": 15884864,
    "macs_formatted": "1",
    "checkpoint": "C:\\Users\\MSchm\\Documents\\att_project\\lightning_logs\\M7_Medium_Additive_Attention_seed42\\version_0\\checkpoints\\M7_Medium_Additive_Attention_seed42-epoch=04-val_loss=0.0019.ckpt"
  },
  "data": {
    "variant": "paper",
    "vehicle": "HYUNDAI_SONATA_2020",
    "window_size": 50
  },
  "metrics": {
    "mse": 0.001897615846246481,
    "rmse": 0.0435616327316422,
    "mae": 0.03153005987405777,
    "mape": 290462.25,
    "r2": 0.8329423666000366,
    "accuracy": 80.84968827281894,
    "accuracy_threshold": 0.05,
    "num_samples": 221187
  },
  "sequence_metrics": {
    "n_sequences": 500,
    "mae_mean": 0.032163634145632385,
    "mae_std": 0.011319967393750182,
    "mae_median": 0.03000242728739977,
    "rmse_mean": 0.04171127478778362,
    "rmse_std": 0.01510530758894919,
    "rmse_median": 0.03898603096604347,
    "accuracy_mean": 80.0828042635605,
    "accuracy_std": 12.77625261201495,
    "accuracy_median": 81.9621998295483
  },
  "inference": {
    "mean_ms": 3.6787962202914057,
    "std_ms": 0.09087657451566689,
    "min_ms": 3.6091999791096896,
    "max_ms": 5.237200006376952,
    "p50_ms": 3.653759998269379,
    "p50_std_ms": 0.003711116965646943,
    "p95_ms": 3.829594003618695,
    "p95_std_ms": 0.009691489104600513,
    "p99_ms": 4.033309205318801,
    "p99_std_ms": 0.1651917591275994,
    "device": "cpu",
    "num_threads": 1,
    "warmup_iterations": 100,
    "num_samples": 1000,
    "num_runs": 5,
    "total_samples": 5000
  },
  "flops": {
    "flops": 31769728,
    "flops_formatted": "31.770M",
    "macs": 15884864,
    "macs_formatted": "1",
    "params_thop": 630401,
    "params_formatted": "630.401K"
  },
  "plots": {
    "scatter": "C:\\Users\\MSchm\\Documents\\att_project\\results\\no_dropout\\m7\\seed_42\\M7_Medium_Additive_Attention_scatter.png",
    "residuals": "C:\\Users\\MSchm\\Documents\\att_project\\results\\no_dropout\\m7\\seed_42\\M7_Medium_Additive_Attention_residuals.png",
    "timeline": "C:\\Users\\MSchm\\Documents\\att_project\\results\\no_dropout\\m7\\seed_42\\M7_Medium_Additive_Attention_timeline.png",
    "error_distribution": "C:\\Users\\MSchm\\Documents\\att_project\\results\\no_dropout\\m7\\seed_42\\M7_Medium_Additive_Attention_error_distribution.png",
    "attention_npy": "C:\\Users\\MSchm\\Documents\\att_project\\results\\no_dropout\\m7\\seed_42\\M7_Medium_Additive_Attention_attention_weights.npy",
    "attention_heatmap": "C:\\Users\\MSchm\\Documents\\att_project\\results\\no_dropout\\m7\\seed_42\\M7_Medium_Additive_Attention_attention_heatmap.png"
  },
  "predictions_csv": "C:\\Users\\MSchm\\Documents\\att_project\\results\\paper\\M7_Medium_Additive_Attention\\seed_42\\M7_Medium_Additive_Attention_predictions.csv",
  "config_path": "C:\\Users\\MSchm\\Documents\\att_project\\config\\model_configs\\m7_medium_additive_attn.yaml"
}