{
  "model": {
    "name": "M7_Medium_Additive_Attention",
    "type": "additive_attention",
    "parameters": 630529,
    "flops": 31769728,
    "flops_formatted": "31.770M",
    "macs": 15884864,
    "macs_formatted": "1",
    "checkpoint": "C:\\Users\\MSchm\\Documents\\att_project\\lightning_logs\\M7_Medium_Additive_Attention_seed7\\version_0\\checkpoints\\M7_Medium_Additive_Attention_seed7-epoch=04-val_loss=0.0019.ckpt"
  },
  "data": {
    "variant": "paper",
    "vehicle": "HYUNDAI_SONATA_2020",
    "window_size": 50
  },
  "metrics": {
    "mse": 0.0019112376030534506,
    "rmse": 0.04371770354276915,
    "mae": 0.03176184371113777,
    "mape": 359607.9375,
    "r2": 0.8317431211471558,
    "accuracy": 80.58068512163915,
    "accuracy_threshold": 0.05,
    "num_samples": 221187
  },
  "sequence_metrics": {
    "n_sequences": 500,
    "mae_mean": 0.03251675080507994,
    "mae_std": 0.01146897229538922,
    "mae_median": 0.03023088537156582,
    "rmse_mean": 0.04211268210038543,
    "rmse_std": 0.015081768621032136,
    "rmse_median": 0.039178211241960526,
    "accuracy_mean": 79.67964317319075,
    "accuracy_std": 12.87835985698362,
    "accuracy_median": 81.97859327217125
  },
  "inference": {
    "mean_ms": 3.6627302398206667,
    "std_ms": 0.0946362914598705,
    "min_ms": 3.5696999984793365,
    "max_ms": 5.16780000180006,
    "p50_ms": 3.634700004477054,
    "p50_std_ms": 0.0047990552865843795,
    "p95_ms": 3.8394420020631514,
    "p95_std_ms": 0.04095916734750896,
    "p99_ms": 4.023170999076683,
    "p99_std_ms": 0.06293437075391782,
    "device": "cpu",
    "num_threads": 1,
    "warmup_iterations": 100,
    "num_samples": 1000,
    "num_runs": 5,
    "total_samples": 5000
  },
  "flops": {
    "flops": 31769728,
    "flops_formatted": "31.770M",
    "macs": 15884864,
    "macs_formatted": "1",
    "params_thop": 630401,
    "params_formatted": "630.401K"
  },
  "plots": {
    "scatter": "C:\\Users\\MSchm\\Documents\\att_project\\results\\no_dropout\\m7\\seed_7\\M7_Medium_Additive_Attention_scatter.png",
    "residuals": "C:\\Users\\MSchm\\Documents\\att_project\\results\\no_dropout\\m7\\seed_7\\M7_Medium_Additive_Attention_residuals.png",
    "timeline": "C:\\Users\\MSchm\\Documents\\att_project\\results\\no_dropout\\m7\\seed_7\\M7_Medium_Additive_Attention_timeline.png",
    "error_distribution": "C:\\Users\\MSchm\\Documents\\att_project\\results\\no_dropout\\m7\\seed_7\\M7_Medium_Additive_Attention_error_distribution.png",
    "attention_npy": "C:\\Users\\MSchm\\Documents\\att_project\\results\\no_dropout\\m7\\seed_7\\M7_Medium_Additive_Attention_attention_weights.npy",
    "attention_heatmap": "C:\\Users\\MSchm\\Documents\\att_project\\results\\no_dropout\\m7\\seed_7\\M7_Medium_Additive_Attention_attention_heatmap.png"
  },
  "predictions_csv": "C:\\Users\\MSchm\\Documents\\att_project\\results\\paper\\M7_Medium_Additive_Attention\\seed_42\\M7_Medium_Additive_Attention_predictions.csv",
  "config_path": "C:\\Users\\MSchm\\Documents\\att_project\\config\\model_configs\\m7_medium_additive_attn.yaml"
}