{
  "model": {
    "name": "M7_Medium_Additive_Attention",
    "type": "additive_attention",
    "parameters": 630529,
    "flops": 31769728,
    "flops_formatted": "31.770M",
    "macs": 15884864,
    "macs_formatted": "1",
    "checkpoint": "C:\\Users\\MSchm\\Documents\\att_project\\lightning_logs\\M7_Medium_Additive_Attention_seed231\\version_0\\checkpoints\\M7_Medium_Additive_Attention_seed231-epoch=04-val_loss=0.0019.ckpt"
  },
  "data": {
    "variant": "paper",
    "vehicle": "HYUNDAI_SONATA_2020",
    "window_size": 50
  },
  "metrics": {
    "mse": 0.0019462461350485682,
    "rmse": 0.044116279705439444,
    "mae": 0.03185752406716347,
    "mape": 303926.5,
    "r2": 0.8286611437797546,
    "accuracy": 80.59063145664076,
    "accuracy_threshold": 0.05,
    "num_samples": 221187
  },
  "sequence_metrics": {
    "n_sequences": 500,
    "mae_mean": 0.032602087801322344,
    "mae_std": 0.011709657320818492,
    "mae_median": 0.03044738806784153,
    "rmse_mean": 0.04236280716583133,
    "rmse_std": 0.015681735678011927,
    "rmse_median": 0.039504384621977806,
    "accuracy_mean": 79.72208686835852,
    "accuracy_std": 12.878154819139022,
    "accuracy_median": 81.12449799196787
  },
  "inference": {
    "mean_ms": 3.6515807200281416,
    "std_ms": 0.08480169626751553,
    "min_ms": 3.5777999728452414,
    "max_ms": 4.857399995671585,
    "p50_ms": 3.6256899998988956,
    "p50_std_ms": 0.006599273208384181,
    "p95_ms": 3.8222799883806147,
    "p95_std_ms": 0.020745409917830405,
    "p99_ms": 3.9748883979045786,
    "p99_std_ms": 0.04775474139791321,
    "device": "cpu",
    "num_threads": 1,
    "warmup_iterations": 100,
    "num_samples": 1000,
    "num_runs": 5,
    "total_samples": 5000
  },
  "flops": {
    "flops": 31769728,
    "flops_formatted": "31.770M",
    "macs": 15884864,
    "macs_formatted": "1",
    "params_thop": 630401,
    "params_formatted": "630.401K"
  },
  "plots": {
    "scatter": "C:\\Users\\MSchm\\Documents\\att_project\\results\\no_dropout\\m7\\seed_231\\M7_Medium_Additive_Attention_scatter.png",
    "residuals": "C:\\Users\\MSchm\\Documents\\att_project\\results\\no_dropout\\m7\\seed_231\\M7_Medium_Additive_Attention_residuals.png",
    "timeline": "C:\\Users\\MSchm\\Documents\\att_project\\results\\no_dropout\\m7\\seed_231\\M7_Medium_Additive_Attention_timeline.png",
    "error_distribution": "C:\\Users\\MSchm\\Documents\\att_project\\results\\no_dropout\\m7\\seed_231\\M7_Medium_Additive_Attention_error_distribution.png",
    "attention_npy": "C:\\Users\\MSchm\\Documents\\att_project\\results\\no_dropout\\m7\\seed_231\\M7_Medium_Additive_Attention_attention_weights.npy",
    "attention_heatmap": "C:\\Users\\MSchm\\Documents\\att_project\\results\\no_dropout\\m7\\seed_231\\M7_Medium_Additive_Attention_attention_heatmap.png"
  },
  "predictions_csv": "C:\\Users\\MSchm\\Documents\\att_project\\results\\paper\\M7_Medium_Additive_Attention\\seed_42\\M7_Medium_Additive_Attention_predictions.csv",
  "config_path": "C:\\Users\\MSchm\\Documents\\att_project\\config\\model_configs\\m7_medium_additive_attn.yaml"
}