{
  "model": {
    "name": "M7_Medium_Additive_Attention",
    "type": "additive_attention",
    "parameters": 630529,
    "flops": 31769728,
    "flops_formatted": "31.770M",
    "macs": 15884864,
    "macs_formatted": "1",
    "checkpoint": "C:\\Users\\MSchm\\Documents\\att_project\\lightning_logs\\M7_Medium_Additive_Attention_seed123\\version_0\\checkpoints\\M7_Medium_Additive_Attention_seed123-epoch=04-val_loss=0.0019.ckpt"
  },
  "data": {
    "variant": "paper",
    "vehicle": "HYUNDAI_SONATA_2020",
    "window_size": 50
  },
  "metrics": {
    "mse": 0.0019178397487848997,
    "rmse": 0.043793147281108946,
    "mae": 0.031712424010038376,
    "mape": 312110.1875,
    "r2": 0.8311619162559509,
    "accuracy": 80.64262366233098,
    "accuracy_threshold": 0.05,
    "num_samples": 221187
  },
  "sequence_metrics": {
    "n_sequences": 500,
    "mae_mean": 0.0324393840637058,
    "mae_std": 0.01165926512340749,
    "mae_median": 0.029837023466825485,
    "rmse_mean": 0.042017435301095245,
    "rmse_std": 0.015703049846113797,
    "rmse_median": 0.03869255259633064,
    "accuracy_mean": 79.8074012259398,
    "accuracy_std": 12.809281483865375,
    "accuracy_median": 81.8651632605121
  },
  "inference": {
    "mean_ms": 3.63187466012896,
    "std_ms": 0.08933277146954594,
    "min_ms": 3.5595000081229955,
    "max_ms": 5.148700001882389,
    "p50_ms": 3.6044000007677823,
    "p50_std_ms": 0.0020393621907006058,
    "p95_ms": 3.795556010736618,
    "p95_std_ms": 0.01866705963710817,
    "p99_ms": 3.9608843964524567,
    "p99_std_ms": 0.029394151491199096,
    "device": "cpu",
    "num_threads": 1,
    "warmup_iterations": 100,
    "num_samples": 1000,
    "num_runs": 5,
    "total_samples": 5000
  },
  "flops": {
    "flops": 31769728,
    "flops_formatted": "31.770M",
    "macs": 15884864,
    "macs_formatted": "1",
    "params_thop": 630401,
    "params_formatted": "630.401K"
  },
  "plots": {
    "scatter": "C:\\Users\\MSchm\\Documents\\att_project\\results\\no_dropout\\m7\\seed_123\\M7_Medium_Additive_Attention_scatter.png",
    "residuals": "C:\\Users\\MSchm\\Documents\\att_project\\results\\no_dropout\\m7\\seed_123\\M7_Medium_Additive_Attention_residuals.png",
    "timeline": "C:\\Users\\MSchm\\Documents\\att_project\\results\\no_dropout\\m7\\seed_123\\M7_Medium_Additive_Attention_timeline.png",
    "error_distribution": "C:\\Users\\MSchm\\Documents\\att_project\\results\\no_dropout\\m7\\seed_123\\M7_Medium_Additive_Attention_error_distribution.png",
    "attention_npy": "C:\\Users\\MSchm\\Documents\\att_project\\results\\no_dropout\\m7\\seed_123\\M7_Medium_Additive_Attention_attention_weights.npy",
    "attention_heatmap": "C:\\Users\\MSchm\\Documents\\att_project\\results\\no_dropout\\m7\\seed_123\\M7_Medium_Additive_Attention_attention_heatmap.png"
  },
  "predictions_csv": "C:\\Users\\MSchm\\Documents\\att_project\\results\\paper\\M7_Medium_Additive_Attention\\seed_42\\M7_Medium_Additive_Attention_predictions.csv",
  "config_path": "C:\\Users\\MSchm\\Documents\\att_project\\config\\model_configs\\m7_medium_additive_attn.yaml"
}