{
  "variant": "dropout",
  "generated": "2026-01-27T10:01:01.531233",
  "models": {
    "m1": {
      "name": "M1 Small Baseline",
      "type": "LSTM (64, 3)",
      "parameters": 84801,
      "flops": 4313664,
      "flops_formatted": "4.314M",
      "macs": 2156832,
      "macs_formatted": "2",
      "metrics": {
        "mse": 0.0018669860437512398,
        "rmse": 0.04320863261818886,
        "mae": 0.0317704975605011,
        "mape": 211303.09375,
        "r2": 0.8435858488082886,
        "accuracy": 80.49307899530726,
        "accuracy_threshold": 0.05,
        "num_samples": 220127
      },
      "inference": {
        "mean_ms": 0.7510500997886993,
        "std_ms": 0.08222345611711786,
        "min_ms": 0.7043999503366649,
        "max_ms": 1.255400013178587,
        "p50_ms": 0.7129999867174774,
        "p95_ms": 0.9267049579648301,
        "p99_ms": 1.0329779493622482,
        "device": "cpu",
        "num_threads": 1,
        "warmup_iterations": 100,
        "num_samples": 1000
      }
    },
    "m2": {
      "name": "M2 Small + Simple Attn",
      "type": "LSTM + Attention (64, 3)",
      "parameters": 84866,
      "flops": 4316864,
      "flops_formatted": "4.317M",
      "macs": 2158432,
      "macs_formatted": "2",
      "metrics": {
        "mse": 0.0019805016927421093,
        "rmse": 0.044502828270196915,
        "mae": 0.03228303790092468,
        "mape": 237506.71875,
        "r2": 0.8340756893157959,
        "accuracy": 80.07332130997106,
        "accuracy_threshold": 0.05,
        "num_samples": 220127
      },
      "inference": {
        "mean_ms": 0.8125033006654121,
        "std_ms": 0.10152523193915021,
        "min_ms": 0.756800000090152,
        "max_ms": 1.4358999906107783,
        "p50_ms": 0.7642999989911914,
        "p95_ms": 1.013824975234456,
        "p99_ms": 1.151748979464173,
        "device": "cpu",
        "num_threads": 1,
        "warmup_iterations": 100,
        "num_samples": 1000
      }
    },
    "m3": {
      "name": "M3 Medium Baseline",
      "type": "LSTM (128, 5)",
      "parameters": 597633,
      "flops": 30131328,
      "flops_formatted": "30.131M",
      "macs": 15065664,
      "macs_formatted": "1",
      "metrics": {
        "mse": 0.0012752944603562355,
        "rmse": 0.03571126610040665,
        "mae": 0.026745790615677834,
        "mape": 157680.390625,
        "r2": 0.8931571841239929,
        "accuracy": 86.2860984795141,
        "accuracy_threshold": 0.05,
        "num_samples": 220127
      },
      "inference": {
        "mean_ms": 2.5097753991140053,
        "std_ms": 0.056408822518139945,
        "min_ms": 2.4754999903962016,
        "max_ms": 2.9689999646507204,
        "p50_ms": 2.4859500117599964,
        "p95_ms": 2.6221350010018796,
        "p99_ms": 2.7643060352420434,
        "device": "cpu",
        "num_threads": 1,
        "warmup_iterations": 100,
        "num_samples": 1000
      }
    },
    "m4": {
      "name": "M4 Medium + Simple Attn",
      "type": "LSTM + Attention (128, 5)",
      "parameters": 597762,
      "flops": 30137728,
      "flops_formatted": "30.138M",
      "macs": 15068864,
      "macs_formatted": "1",
      "metrics": {
        "mse": 0.0014623852912336588,
        "rmse": 0.03824114799499512,
        "mae": 0.02844889648258686,
        "mape": 198061.6875,
        "r2": 0.8774828910827637,
        "accuracy": 84.31269221858291,
        "accuracy_threshold": 0.05,
        "num_samples": 220127
      },
      "inference": {
        "mean_ms": 2.719506001274567,
        "std_ms": 0.309177716419394,
        "min_ms": 2.5270000332966447,
        "max_ms": 4.580100008752197,
        "p50_ms": 2.5828999932855368,
        "p95_ms": 3.452624980127439,
        "p99_ms": 3.659965986153111,
        "device": "cpu",
        "num_threads": 1,
        "warmup_iterations": 100,
        "num_samples": 1000
      }
    },
    "m5": {
      "name": "M5 Medium + Additive Attn",
      "type": "LSTM + Additive (128, 5)",
      "parameters": 630529,
      "flops": 31769728,
      "flops_formatted": "31.770M",
      "macs": 15884864,
      "macs_formatted": "1",
      "metrics": {
        "mse": 0.0013818792067468166,
        "rmse": 0.03717363625764847,
        "mae": 0.027579324319958687,
        "mape": 189188.859375,
        "r2": 0.8842276334762573,
        "accuracy": 85.38843485805921,
        "accuracy_threshold": 0.05,
        "num_samples": 220127
      },
      "inference": {
        "mean_ms": 3.8159378996351734,
        "std_ms": 0.3691001253128135,
        "min_ms": 3.57070000609383,
        "max_ms": 5.911199958063662,
        "p50_ms": 3.651150007499382,
        "p95_ms": 4.733020006096922,
        "p99_ms": 5.11081897537224,
        "device": "cpu",
        "num_threads": 1,
        "warmup_iterations": 100,
        "num_samples": 1000
      }
    },
    "m6": {
      "name": "M6 Medium + Scaled DP",
      "type": "LSTM + Scaled DP (128, 5)",
      "parameters": 597633,
      "flops": 30131328,
      "flops_formatted": "30.131M",
      "macs": 15065664,
      "macs_formatted": "1",
      "metrics": {
        "mse": 0.0013710818020626903,
        "rmse": 0.03702812269330025,
        "mae": 0.027632102370262146,
        "mape": 198972.5,
        "r2": 0.8851321935653687,
        "accuracy": 85.23261571729047,
        "accuracy_threshold": 0.05,
        "num_samples": 220127
      },
      "inference": {
        "mean_ms": 2.918337400071323,
        "std_ms": 0.36485176513313794,
        "min_ms": 2.578500017989427,
        "max_ms": 4.67890000436455,
        "p50_ms": 2.799500012770295,
        "p95_ms": 3.622329991776496,
        "p99_ms": 4.0272479865234345,
        "device": "cpu",
        "num_threads": 1,
        "warmup_iterations": 100,
        "num_samples": 1000
      }
    }
  }
}