{
  "model": {
    "name": "M4_Small_Simple_Attention",
    "type": "simple_attention",
    "parameters": 84866,
    "flops": 4316864,
    "flops_formatted": "4.317M",
    "macs": 2158432,
    "macs_formatted": "2",
    "checkpoint": "C:\\Users\\MSchm\\Documents\\att_project\\lightning_logs\\M4_Small_Simple_Attention_seed42\\version_0\\checkpoints\\M4_Small_Simple_Attention_seed42-epoch=08-val_loss=0.0019.ckpt"
  },
  "data": {
    "variant": "paper",
    "vehicle": "HYUNDAI_SONATA_2020",
    "window_size": 50
  },
  "metrics": {
    "mse": 0.001947927288711071,
    "rmse": 0.04413532925798867,
    "mae": 0.03191304951906204,
    "mape": 256814.234375,
    "r2": 0.8285131454467773,
    "accuracy": 80.55175032890722,
    "accuracy_threshold": 0.05,
    "num_samples": 221187
  },
  "sequence_metrics": {
    "n_sequences": 500,
    "mae_mean": 0.03267630236968398,
    "mae_std": 0.011739538667773783,
    "mae_median": 0.030226060189306736,
    "rmse_mean": 0.042372726060450075,
    "rmse_std": 0.01570586972961355,
    "rmse_median": 0.03931103274226189,
    "accuracy_mean": 79.64534455439804,
    "accuracy_std": 13.023541301503125,
    "accuracy_median": 81.99378881987577
  },
  "inference": {
    "mean_ms": 0.7593329801515211,
    "std_ms": 0.03973295548350682,
    "min_ms": 0.746300007449463,
    "max_ms": 1.3281999854370952,
    "p50_ms": 0.7516199955716729,
    "p50_std_ms": 0.000495584006558416,
    "p95_ms": 0.7874650004669093,
    "p95_std_ms": 0.008805579506218767,
    "p99_ms": 0.9631083935964853,
    "p99_std_ms": 0.12862161097991473,
    "device": "cpu",
    "num_threads": 1,
    "warmup_iterations": 100,
    "num_samples": 1000,
    "num_runs": 5,
    "total_samples": 5000
  },
  "flops": {
    "flops": 4316864,
    "flops_formatted": "4.317M",
    "macs": 2158432,
    "macs_formatted": "2",
    "params_thop": 84866,
    "params_formatted": "84.866K"
  },
  "plots": {
    "scatter": "C:\\Users\\MSchm\\Documents\\att_project\\results\\no_dropout\\m4\\seed_42\\M4_Small_Simple_Attention_scatter.png",
    "residuals": "C:\\Users\\MSchm\\Documents\\att_project\\results\\no_dropout\\m4\\seed_42\\M4_Small_Simple_Attention_residuals.png",
    "timeline": "C:\\Users\\MSchm\\Documents\\att_project\\results\\no_dropout\\m4\\seed_42\\M4_Small_Simple_Attention_timeline.png",
    "error_distribution": "C:\\Users\\MSchm\\Documents\\att_project\\results\\no_dropout\\m4\\seed_42\\M4_Small_Simple_Attention_error_distribution.png",
    "attention_npy": "C:\\Users\\MSchm\\Documents\\att_project\\results\\no_dropout\\m4\\seed_42\\M4_Small_Simple_Attention_attention_weights.npy",
    "attention_heatmap": "C:\\Users\\MSchm\\Documents\\att_project\\results\\no_dropout\\m4\\seed_42\\M4_Small_Simple_Attention_attention_heatmap.png"
  },
  "predictions_csv": "C:\\Users\\MSchm\\Documents\\att_project\\results\\paper\\M4_Small_Simple_Attention\\seed_42\\M4_Small_Simple_Attention_predictions.csv",
  "config_path": "C:\\Users\\MSchm\\Documents\\att_project\\config\\model_configs\\m4_small_simple_attn.yaml"
}