{
  "model": {
    "name": "M4_Small_Simple_Attention",
    "type": "simple_attention",
    "parameters": 84866,
    "flops": 4316864,
    "flops_formatted": "4.317M",
    "macs": 2158432,
    "macs_formatted": "2",
    "checkpoint": "C:\\Users\\MSchm\\Documents\\att_project\\lightning_logs\\M4_Small_Simple_Attention_seed42\\version_0\\checkpoints\\M4_Small_Simple_Attention-epoch=11-val_loss=0.0018.ckpt"
  },
  "data": {
    "variant": "paper",
    "vehicle": "HYUNDAI_SONATA_2020",
    "window_size": 50
  },
  "seeds": [
    42,
    94,
    123
  ],
  "num_seeds": 3,
  "metrics": {
    "mse": {
      "mean": 0.001747607175881664,
      "std": 3.987721564061483e-05,
      "values": [
        0.001744811306707561,
        0.0017002257518470287,
        0.0017977844690904021
      ]
    },
    "rmse": {
      "mean": 0.0418016736335034,
      "std": 0.0004767151347826743,
      "values": [
        0.0417709385423354,
        0.04123379380856228,
        0.042400288549612516
      ]
    },
    "mae": {
      "mean": 0.030548216154177982,
      "std": 0.00020157824300421446,
      "values": [
        0.030603183433413506,
        0.030278483405709267,
        0.03076298162341118
      ]
    },
    "mape": {
      "mean": 228102.625,
      "std": 17284.690252847504,
      "values": [
        203780.0,
        242373.015625,
        238154.859375
      ]
    },
    "r2": {
      "mean": 0.853587289651235,
      "std": 0.0033408869498250575,
      "values": [
        0.8538215160369873,
        0.8575568795204163,
        0.8493834733963013
      ]
    },
    "accuracy": {
      "mean": 81.95375094074481,
      "std": 0.20522486648560395,
      "values": [
        81.90680834245686,
        82.2252608721329,
        81.72918360764467
      ]
    },
    "accuracy_threshold": {
      "mean": 0.05000000000000001,
      "std": 6.938893903907228e-18,
      "values": [
        0.05,
        0.05,
        0.05
      ]
    },
    "num_samples": {
      "mean": 220127.0,
      "std": 0.0,
      "values": [
        220127,
        220127,
        220127
      ]
    }
  },
  "inference": {
    "mean_ms": {
      "mean": 0.7712996933997299,
      "std": 0.00686360759999355
    },
    "std_ms": {
      "mean": 0.04236576896638209,
      "std": 0.004900989427795446
    },
    "min_ms": {
      "mean": 0.7541666661078731,
      "std": 0.006069221881758516
    },
    "max_ms": {
      "mean": 1.5675333367350202,
      "std": 0.09157624185358776
    },
    "p50_ms": {
      "mean": 0.7615466602146626,
      "std": 0.0057633891931546275
    },
    "p50_std_ms": {
      "mean": 0.000634614701168592,
      "std": 0.00019442350265278503
    },
    "p95_ms": {
      "mean": 0.8277446567080915,
      "std": 0.020591063028669802
    },
    "p95_std_ms": {
      "mean": 0.046818431046579456,
      "std": 0.0256924658106678
    },
    "p99_ms": {
      "mean": 0.9372438743788128,
      "std": 0.00330361081565027
    },
    "p99_std_ms": {
      "mean": 0.11580362028881987,
      "std": 0.006009673222985339
    },
    "device": "cpu",
    "num_threads": {
      "mean": 1.0,
      "std": 0.0
    },
    "warmup_iterations": {
      "mean": 100.0,
      "std": 0.0
    },
    "num_samples": {
      "mean": 1000.0,
      "std": 0.0
    },
    "num_runs": {
      "mean": 5.0,
      "std": 0.0
    },
    "total_samples": {
      "mean": 5000.0,
      "std": 0.0
    }
  },
  "per_seed": {
    "42": {
      "model": {
        "name": "M4_Small_Simple_Attention",
        "type": "simple_attention",
        "parameters": 84866,
        "flops": 4316864,
        "flops_formatted": "4.317M",
        "macs": 2158432,
        "macs_formatted": "2",
        "checkpoint": "C:\\Users\\MSchm\\Documents\\att_project\\lightning_logs\\M4_Small_Simple_Attention_seed42\\version_0\\checkpoints\\M4_Small_Simple_Attention-epoch=11-val_loss=0.0018.ckpt"
      },
      "data": {
        "variant": "paper",
        "vehicle": "HYUNDAI_SONATA_2020",
        "window_size": 50
      },
      "metrics": {
        "mse": 0.001744811306707561,
        "rmse": 0.0417709385423354,
        "mae": 0.030603183433413506,
        "mape": 203780.0,
        "r2": 0.8538215160369873,
        "accuracy": 81.90680834245686,
        "accuracy_threshold": 0.05,
        "num_samples": 220127
      },
      "inference": {
        "mean_ms": 0.767186660610605,
        "std_ms": 0.043441104291611625,
        "min_ms": 0.749099999666214,
        "max_ms": 1.615300017874688,
        "p50_ms": 0.7565399981103837,
        "p50_std_ms": 0.0004454245406827879,
        "p95_ms": 0.8332830009749159,
        "p95_std_ms": 0.06650224578211579,
        "p99_ms": 0.938515198067762,
        "p99_std_ms": 0.12429520452434882,
        "device": "cpu",
        "num_threads": 1,
        "warmup_iterations": 100,
        "num_samples": 1000,
        "num_runs": 5,
        "total_samples": 5000
      },
      "flops": {
        "flops": 4316864,
        "flops_formatted": "4.317M",
        "macs": 2158432,
        "macs_formatted": "2",
        "params_thop": 84866,
        "params_formatted": "84.866K"
      },
      "plots": {
        "scatter": "C:\\Users\\MSchm\\Documents\\att_project\\results\\no_dropout\\m4\\seed_42\\M4_Small_Simple_Attention_scatter.png",
        "residuals": "C:\\Users\\MSchm\\Documents\\att_project\\results\\no_dropout\\m4\\seed_42\\M4_Small_Simple_Attention_residuals.png",
        "timeline": "C:\\Users\\MSchm\\Documents\\att_project\\results\\no_dropout\\m4\\seed_42\\M4_Small_Simple_Attention_timeline.png",
        "error_distribution": "C:\\Users\\MSchm\\Documents\\att_project\\results\\no_dropout\\m4\\seed_42\\M4_Small_Simple_Attention_error_distribution.png",
        "attention_npy": "C:\\Users\\MSchm\\Documents\\att_project\\results\\no_dropout\\m4\\seed_42\\M4_Small_Simple_Attention_attention_weights.npy",
        "attention_heatmap": "C:\\Users\\MSchm\\Documents\\att_project\\results\\no_dropout\\m4\\seed_42\\M4_Small_Simple_Attention_attention_heatmap.png"
      },
      "predictions_csv": null,
      "config_path": "C:\\Users\\MSchm\\Documents\\att_project\\config\\model_configs\\m4_small_simple_attn.yaml"
    },
    "94": {
      "model": {
        "name": "M4_Small_Simple_Attention",
        "type": "simple_attention",
        "parameters": 84866,
        "flops": 4316864,
        "flops_formatted": "4.317M",
        "macs": 2158432,
        "macs_formatted": "2",
        "checkpoint": "C:\\Users\\MSchm\\Documents\\att_project\\lightning_logs\\M4_Small_Simple_Attention_seed94\\version_0\\checkpoints\\M4_Small_Simple_Attention_seed94-epoch=12-val_loss=0.0017.ckpt"
      },
      "data": {
        "variant": "paper",
        "vehicle": "HYUNDAI_SONATA_2020",
        "window_size": 50
      },
      "metrics": {
        "mse": 0.0017002257518470287,
        "rmse": 0.04123379380856228,
        "mae": 0.030278483405709267,
        "mape": 242373.015625,
        "r2": 0.8575568795204163,
        "accuracy": 82.2252608721329,
        "accuracy_threshold": 0.05,
        "num_samples": 220127
      },
      "inference": {
        "mean_ms": 0.7809703995008022,
        "std_ms": 0.047757880938018436,
        "min_ms": 0.762699986808002,
        "max_ms": 1.6479000332765281,
        "p50_ms": 0.7696199987549335,
        "p50_std_ms": 0.0005564207193815638,
        "p95_ms": 0.8497339754831046,
        "p95_std_ms": 0.0634258105735711,
        "p99_ms": 0.9327148118754849,
        "p99_std_ms": 0.11186443255586997,
        "device": "cpu",
        "num_threads": 1,
        "warmup_iterations": 100,
        "num_samples": 1000,
        "num_runs": 5,
        "total_samples": 5000
      },
      "flops": {
        "flops": 4316864,
        "flops_formatted": "4.317M",
        "macs": 2158432,
        "macs_formatted": "2",
        "params_thop": 84866,
        "params_formatted": "84.866K"
      },