{
  "model": {
    "name": "M4_Small_Simple_Attention",
    "type": "simple_attention",
    "parameters": 84866,
    "flops": 4316864,
    "flops_formatted": "4.317M",
    "macs": 2158432,
    "macs_formatted": "2",
    "checkpoint": "C:\\Users\\MSchm\\Documents\\att_project\\lightning_logs\\M4_Small_Simple_Attention_seed94\\version_0\\checkpoints\\M4_Small_Simple_Attention_seed94-epoch=08-val_loss=0.0020.ckpt"
  },
  "data": {
    "variant": "paper",
    "vehicle": "HYUNDAI_SONATA_2020",
    "window_size": 50
  },
  "metrics": {
    "mse": 0.0019776083063334227,
    "rmse": 0.04447030814300057,
    "mae": 0.032085590064525604,
    "mape": 237751.8125,
    "r2": 0.8259001970291138,
    "accuracy": 80.31620303182375,
    "accuracy_threshold": 0.05,
    "num_samples": 221187
  },
  "sequence_metrics": {
    "n_sequences": 500,
    "mae_mean": 0.032842520754784346,
    "mae_std": 0.011991090612839414,
    "mae_median": 0.03040010668337345,
    "rmse_mean": 0.04263158935680986,
    "rmse_std": 0.016261433119084432,
    "rmse_median": 0.03946533054113388,
    "accuracy_mean": 79.45105427286151,
    "accuracy_std": 13.136810293366464,
    "accuracy_median": 81.3353825136612
  },
  "inference": {
    "mean_ms": 0.7670497003535275,
    "std_ms": 0.02729799343945269,
    "min_ms": 0.753700005589053,
    "max_ms": 1.130299991928041,
    "p50_ms": 0.7605799997691065,
    "p50_std_ms": 0.0008634879007697466,
    "p95_ms": 0.8063369966112074,
    "p95_std_ms": 0.024875783550185042,
    "p99_ms": 0.864390209899284,
    "p99_std_ms": 0.05868780220027611,
    "device": "cpu",
    "num_threads": 1,
    "warmup_iterations": 100,
    "num_samples": 1000,
    "num_runs": 5,
    "total_samples": 5000
  },
  "flops": {
    "flops": 4316864,
    "flops_formatted": "4.317M",
    "macs": 2158432,
    "macs_formatted": "2",
    "params_thop": 84866,
    "params_formatted": "84.866K"
  },
  "plots": {
    "scatter": "C:\\Users\\MSchm\\Documents\\att_project\\results\\no_dropout\\m4\\seed_94\\M4_Small_Simple_Attention_scatter.png",
    "residuals": "C:\\Users\\MSchm\\Documents\\att_project\\results\\no_dropout\\m4\\seed_94\\M4_Small_Simple_Attention_residuals.png",
    "timeline": "C:\\Users\\MSchm\\Documents\\att_project\\results\\no_dropout\\m4\\seed_94\\M4_Small_Simple_Attention_timeline.png",
    "error_distribution": "C:\\Users\\MSchm\\Documents\\att_project\\results\\no_dropout\\m4\\seed_94\\M4_Small_Simple_Attention_error_distribution.png",
    "attention_npy": "C:\\Users\\MSchm\\Documents\\att_project\\results\\no_dropout\\m4\\seed_94\\M4_Small_Simple_Attention_attention_weights.npy",
    "attention_heatmap": "C:\\Users\\MSchm\\Documents\\att_project\\results\\no_dropout\\m4\\seed_94\\M4_Small_Simple_Attention_attention_heatmap.png"
  },
  "predictions_csv": "C:\\Users\\MSchm\\Documents\\att_project\\results\\paper\\M4_Small_Simple_Attention\\seed_42\\M4_Small_Simple_Attention_predictions.csv",
  "config_path": "C:\\Users\\MSchm\\Documents\\att_project\\config\\model_configs\\m4_small_simple_attn.yaml"
}