{
  "model": {
    "name": "M4_Small_Simple_Attention",
    "type": "simple_attention",
    "parameters": 84866,
    "flops": 4316864,
    "flops_formatted": "4.317M",
    "macs": 2158432,
    "macs_formatted": "2",
    "checkpoint": "C:\\Users\\MSchm\\Documents\\att_project\\lightning_logs\\M4_Small_Simple_Attention_seed123\\version_0\\checkpoints\\M4_Small_Simple_Attention_seed123-epoch=07-val_loss=0.0019.ckpt"
  },
  "data": {
    "variant": "paper",
    "vehicle": "HYUNDAI_SONATA_2020",
    "window_size": 50
  },
  "metrics": {
    "mse": 0.0019481177441775799,
    "rmse": 0.04413748683576785,
    "mae": 0.0320432111620903,
    "mape": 352971.6875,
    "r2": 0.8284963965415955,
    "accuracy": 80.23889288249309,
    "accuracy_threshold": 0.05,
    "num_samples": 221187
  },
  "sequence_metrics": {
    "n_sequences": 500,
    "mae_mean": 0.03277067644894123,
    "mae_std": 0.01161010810142502,
    "mae_median": 0.030596655793488026,
    "rmse_mean": 0.04244520910829306,
    "rmse_std": 0.015442418819832783,
    "rmse_median": 0.03970424830913544,
    "accuracy_mean": 79.40731394197547,
    "accuracy_std": 12.950674575840978,
    "accuracy_median": 81.63636363636364
  },
  "inference": {
    "mean_ms": 0.7777963404019829,
    "std_ms": 0.030515514676178065,
    "min_ms": 0.763299991376698,
    "max_ms": 1.2347000010777265,
    "p50_ms": 0.7707099983235821,
    "p50_std_ms": 0.0018243956184248932,
    "p95_ms": 0.8215619981638156,
    "p95_std_ms": 0.03807560117808762,
    "p99_ms": 0.8872743981773965,
    "p99_std_ms": 0.07114749460672375,
    "device": "cpu",
    "num_threads": 1,
    "warmup_iterations": 100,
    "num_samples": 1000,
    "num_runs": 5,
    "total_samples": 5000
  },
  "flops": {
    "flops": 4316864,
    "flops_formatted": "4.317M",
    "macs": 2158432,
    "macs_formatted": "2",
    "params_thop": 84866,
    "params_formatted": "84.866K"
  },
  "plots": {
    "scatter": "C:\\Users\\MSchm\\Documents\\att_project\\results\\no_dropout\\m4\\seed_123\\M4_Small_Simple_Attention_scatter.png",
    "residuals": "C:\\Users\\MSchm\\Documents\\att_project\\results\\no_dropout\\m4\\seed_123\\M4_Small_Simple_Attention_residuals.png",
    "timeline": "C:\\Users\\MSchm\\Documents\\att_project\\results\\no_dropout\\m4\\seed_123\\M4_Small_Simple_Attention_timeline.png",
    "error_distribution": "C:\\Users\\MSchm\\Documents\\att_project\\results\\no_dropout\\m4\\seed_123\\M4_Small_Simple_Attention_error_distribution.png",
    "attention_npy": "C:\\Users\\MSchm\\Documents\\att_project\\results\\no_dropout\\m4\\seed_123\\M4_Small_Simple_Attention_attention_weights.npy",
    "attention_heatmap": "C:\\Users\\MSchm\\Documents\\att_project\\results\\no_dropout\\m4\\seed_123\\M4_Small_Simple_Attention_attention_heatmap.png"
  },
  "predictions_csv": "C:\\Users\\MSchm\\Documents\\att_project\\results\\paper\\M4_Small_Simple_Attention\\seed_42\\M4_Small_Simple_Attention_predictions.csv",
  "config_path": "C:\\Users\\MSchm\\Documents\\att_project\\config\\model_configs\\m4_small_simple_attn.yaml"
}