{
  "model": {
    "name": "M6_Medium_Simple_Attention",
    "type": "simple_attention",
    "parameters": 597762,
    "flops": 30137728,
    "flops_formatted": "30.138M",
    "macs": 15068864,
    "macs_formatted": "1",
    "checkpoint": "C:\\Users\\MSchm\\Documents\\att_project\\lightning_logs\\M6_Medium_Simple_Attention_seed231\\version_0\\checkpoints\\M6_Medium_Simple_Attention_seed231-epoch=05-val_loss=0.0019.ckpt"
  },
  "data": {
    "variant": "paper",
    "vehicle": "HYUNDAI_SONATA_2020",
    "window_size": 50
  },
  "metrics": {
    "mse": 0.0019590009469538927,
    "rmse": 0.04426060265014353,
    "mae": 0.0321391336619854,
    "mape": 316849.71875,
    "r2": 0.827538251876831,
    "accuracy": 80.12451002997464,
    "accuracy_threshold": 0.05,
    "num_samples": 221187
  },
  "sequence_metrics": {
    "n_sequences": 500,
    "mae_mean": 0.03278428806178272,
    "mae_std": 0.01154839968481115,
    "mae_median": 0.030881894752383232,
    "rmse_mean": 0.042460489619523284,
    "rmse_std": 0.015216816658574705,
    "rmse_median": 0.03989027068018913,
    "accuracy_mean": 79.3280232338613,
    "accuracy_std": 12.963471277212088,
    "accuracy_median": 80.97619047619048
  },
  "inference": {
    "mean_ms": 2.585490260075312,
    "std_ms": 0.07199621533499659,
    "min_ms": 2.5418000004719943,
    "max_ms": 3.6208999808877707,
    "p50_ms": 2.5635600060923025,
    "p50_std_ms": 0.004836673194867134,
    "p95_ms": 2.686225005018059,
    "p95_std_ms": 0.014747609419537165,
    "p99_ms": 2.843438003270421,
    "p99_std_ms": 0.03861768721139898,
    "device": "cpu",
    "num_threads": 1,
    "warmup_iterations": 100,
    "num_samples": 1000,
    "num_runs": 5,
    "total_samples": 5000
  },
  "flops": {
    "flops": 30137728,
    "flops_formatted": "30.138M",
    "macs": 15068864,
    "macs_formatted": "1",
    "params_thop": 597762,
    "params_formatted": "597.762K"
  },
  "plots": {
    "scatter": "C:\\Users\\MSchm\\Documents\\att_project\\results\\no_dropout\\m6\\seed_231\\M6_Medium_Simple_Attention_scatter.png",
    "residuals": "C:\\Users\\MSchm\\Documents\\att_project\\results\\no_dropout\\m6\\seed_231\\M6_Medium_Simple_Attention_residuals.png",
    "timeline": "C:\\Users\\MSchm\\Documents\\att_project\\results\\no_dropout\\m6\\seed_231\\M6_Medium_Simple_Attention_timeline.png",
    "error_distribution": "C:\\Users\\MSchm\\Documents\\att_project\\results\\no_dropout\\m6\\seed_231\\M6_Medium_Simple_Attention_error_distribution.png",
    "attention_npy": "C:\\Users\\MSchm\\Documents\\att_project\\results\\no_dropout\\m6\\seed_231\\M6_Medium_Simple_Attention_attention_weights.npy",
    "attention_heatmap": "C:\\Users\\MSchm\\Documents\\att_project\\results\\no_dropout\\m6\\seed_231\\M6_Medium_Simple_Attention_attention_heatmap.png"
  },
  "predictions_csv": "C:\\Users\\MSchm\\Documents\\att_project\\results\\paper\\M6_Medium_Simple_Attention\\seed_42\\M6_Medium_Simple_Attention_predictions.csv",
  "config_path": "C:\\Users\\MSchm\\Documents\\att_project\\config\\model_configs\\m6_medium_simple_attn.yaml"
}