{
  "model": {
    "name": "M6_Medium_Simple_Attention",
    "type": "simple_attention",
    "parameters": 597762,
    "flops": 30137728,
    "flops_formatted": "30.138M",
    "macs": 15068864,
    "macs_formatted": "1",
    "checkpoint": "C:\\Users\\MSchm\\Documents\\att_project\\lightning_logs\\M6_Medium_Simple_Attention_seed7\\version_0\\checkpoints\\M6_Medium_Simple_Attention_seed7-epoch=04-val_loss=0.0019.ckpt"
  },
  "data": {
    "variant": "paper",
    "vehicle": "HYUNDAI_SONATA_2020",
    "window_size": 50
  },
  "metrics": {
    "mse": 0.001921227783896029,
    "rmse": 0.043831812464191225,
    "mae": 0.03167838975787163,
    "mape": 293884.15625,
    "r2": 0.8308636546134949,
    "accuracy": 80.68783427597462,
    "accuracy_threshold": 0.05,
    "num_samples": 221187
  },
  "sequence_metrics": {
    "n_sequences": 500,
    "mae_mean": 0.0324586540684104,
    "mae_std": 0.012006641165085052,
    "mae_median": 0.02986068744212389,
    "rmse_mean": 0.042029706213623286,
    "rmse_std": 0.015768009970641768,
    "rmse_median": 0.03918599523603916,
    "accuracy_mean": 79.75856351123261,
    "accuracy_std": 13.532271275073377,
    "accuracy_median": 82.28155171817144
  },
  "inference": {
    "mean_ms": 2.5811451197485438,
    "std_ms": 0.06096162759357878,
    "min_ms": 2.5243000127375126,
    "max_ms": 3.5362000053282827,
    "p50_ms": 2.567179992911406,
    "p50_std_ms": 0.0003931970575462217,
    "p95_ms": 2.6757749906391837,
    "p95_std_ms": 0.00873220110041142,
    "p99_ms": 2.8108667995547876,
    "p99_std_ms": 0.048362255004450724,
    "device": "cpu",
    "num_threads": 1,
    "warmup_iterations": 100,
    "num_samples": 1000,
    "num_runs": 5,
    "total_samples": 5000
  },
  "flops": {
    "flops": 30137728,
    "flops_formatted": "30.138M",
    "macs": 15068864,
    "macs_formatted": "1",
    "params_thop": 597762,
    "params_formatted": "597.762K"
  },
  "plots": {
    "scatter": "C:\\Users\\MSchm\\Documents\\att_project\\results\\no_dropout\\m6\\seed_7\\M6_Medium_Simple_Attention_scatter.png",
    "residuals": "C:\\Users\\MSchm\\Documents\\att_project\\results\\no_dropout\\m6\\seed_7\\M6_Medium_Simple_Attention_residuals.png",
    "timeline": "C:\\Users\\MSchm\\Documents\\att_project\\results\\no_dropout\\m6\\seed_7\\M6_Medium_Simple_Attention_timeline.png",
    "error_distribution": "C:\\Users\\MSchm\\Documents\\att_project\\results\\no_dropout\\m6\\seed_7\\M6_Medium_Simple_Attention_error_distribution.png",
    "attention_npy": "C:\\Users\\MSchm\\Documents\\att_project\\results\\no_dropout\\m6\\seed_7\\M6_Medium_Simple_Attention_attention_weights.npy",
    "attention_heatmap": "C:\\Users\\MSchm\\Documents\\att_project\\results\\no_dropout\\m6\\seed_7\\M6_Medium_Simple_Attention_attention_heatmap.png"
  },
  "predictions_csv": "C:\\Users\\MSchm\\Documents\\att_project\\results\\paper\\M6_Medium_Simple_Attention\\seed_42\\M6_Medium_Simple_Attention_predictions.csv",
  "config_path": "C:\\Users\\MSchm\\Documents\\att_project\\config\\model_configs\\m6_medium_simple_attn.yaml"
}