{
  "model": {
    "name": "M6_Medium_Simple_Attention",
    "type": "simple_attention",
    "parameters": 597762,
    "flops": 30137728,
    "flops_formatted": "30.138M",
    "macs": 15068864,
    "macs_formatted": "1",
    "checkpoint": "C:\\Users\\MSchm\\Documents\\att_project\\lightning_logs\\M6_Medium_Simple_Attention_seed94\\version_0\\checkpoints\\M6_Medium_Simple_Attention_seed94-epoch=03-val_loss=0.0019.ckpt"
  },
  "data": {
    "variant": "paper",
    "vehicle": "HYUNDAI_SONATA_2020",
    "window_size": 50
  },
  "metrics": {
    "mse": 0.0019276449456810951,
    "rmse": 0.04390495354377562,
    "mae": 0.03188616782426834,
    "mape": 332363.5625,
    "r2": 0.8302987217903137,
    "accuracy": 80.40436372842889,
    "accuracy_threshold": 0.05,
    "num_samples": 221187
  },
  "sequence_metrics": {
    "n_sequences": 500,
    "mae_mean": 0.03268207613006234,
    "mae_std": 0.011531366678022726,
    "mae_median": 0.03037800546735525,
    "rmse_mean": 0.04230249144509435,
    "rmse_std": 0.015436809608434441,
    "rmse_median": 0.03944814391434193,
    "accuracy_mean": 79.48259268601679,
    "accuracy_std": 12.772704079109305,
    "accuracy_median": 81.60456600318997
  },
  "inference": {
    "mean_ms": 2.5763495799095835,
    "std_ms": 0.06525805612836781,
    "min_ms": 2.529999997932464,
    "max_ms": 3.8216000248212367,
    "p50_ms": 2.558010001666844,
    "p50_std_ms": 0.0023427333585332353,
    "p95_ms": 2.672989998245612,
    "p95_std_ms": 0.010512896358933002,
    "p99_ms": 2.8123687979532406,
    "p99_std_ms": 0.08249689669139341,
    "device": "cpu",
    "num_threads": 1,
    "warmup_iterations": 100,
    "num_samples": 1000,
    "num_runs": 5,
    "total_samples": 5000
  },
  "flops": {
    "flops": 30137728,
    "flops_formatted": "30.138M",
    "macs": 15068864,
    "macs_formatted": "1",
    "params_thop": 597762,
    "params_formatted": "597.762K"
  },
  "plots": {
    "scatter": "C:\\Users\\MSchm\\Documents\\att_project\\results\\no_dropout\\m6\\seed_94\\M6_Medium_Simple_Attention_scatter.png",
    "residuals": "C:\\Users\\MSchm\\Documents\\att_project\\results\\no_dropout\\m6\\seed_94\\M6_Medium_Simple_Attention_residuals.png",
    "timeline": "C:\\Users\\MSchm\\Documents\\att_project\\results\\no_dropout\\m6\\seed_94\\M6_Medium_Simple_Attention_timeline.png",
    "error_distribution": "C:\\Users\\MSchm\\Documents\\att_project\\results\\no_dropout\\m6\\seed_94\\M6_Medium_Simple_Attention_error_distribution.png",
    "attention_npy": "C:\\Users\\MSchm\\Documents\\att_project\\results\\no_dropout\\m6\\seed_94\\M6_Medium_Simple_Attention_attention_weights.npy",
    "attention_heatmap": "C:\\Users\\MSchm\\Documents\\att_project\\results\\no_dropout\\m6\\seed_94\\M6_Medium_Simple_Attention_attention_heatmap.png"
  },
  "predictions_csv": "C:\\Users\\MSchm\\Documents\\att_project\\results\\paper\\M6_Medium_Simple_Attention\\seed_42\\M6_Medium_Simple_Attention_predictions.csv",
  "config_path": "C:\\Users\\MSchm\\Documents\\att_project\\config\\model_configs\\m6_medium_simple_attn.yaml"
}