{
  "model": {
    "name": "M6_Medium_Simple_Attention",
    "type": "simple_attention",
    "parameters": 597762,
    "flops": 30137728,
    "flops_formatted": "30.138M",
    "macs": 15068864,
    "macs_formatted": "1",
    "checkpoint": "C:\\Users\\MSchm\\Documents\\att_project\\lightning_logs\\M6_Medium_Simple_Attention_seed42\\version_2\\checkpoints\\M6_Medium_Simple_Attention-epoch=40-val_loss=0.0011.ckpt"
  },
  "data": {
    "variant": "paper",
    "vehicle": "HYUNDAI_SONATA_2020",
    "window_size": 50
  },
  "seeds": [
    42,
    94,
    123
  ],
  "num_seeds": 3,
  "metrics": {
    "mse": {
      "mean": 0.0009858589425372581,
      "std": 1.3945729350090476e-05,
      "values": [
        0.0009661822696216404,
        0.000994536909274757,
        0.0009968576487153769
      ]
    },
    "rmse": {
      "mean": 0.03139760147981047,
      "std": 0.00022262940565346252,
      "values": [
        0.03108347261201104,
        0.03153627925540293,
        0.03157305257201744
      ]
    },
    "mae": {
      "mean": 0.023782833789785702,
      "std": 0.00012371815715673517,
      "values": [
        0.023610465228557587,
        0.02384301647543907,
        0.02389501966536045
      ]
    },
    "mape": {
      "mean": 166914.58854166666,
      "std": 6699.210981316357,
      "values": [
        171557.453125,
        171745.21875,
        157441.09375
      ]
    },
    "r2": {
      "mean": 0.9174057642618815,
      "std": 0.0011683688484824392,
      "values": [
        0.9190542697906494,
        0.9166787266731262,
        0.9164842963218689
      ]
    },
    "accuracy": {
      "mean": 90.03817493234965,
      "std": 0.15872126292804792,
      "values": [
        90.24790234728134,
        90.00258941429266,
        89.86403303547498
      ]
    },
    "accuracy_threshold": {
      "mean": 0.05000000000000001,
      "std": 6.938893903907228e-18,
      "values": [
        0.05,
        0.05,
        0.05
      ]
    },
    "num_samples": {
      "mean": 220127.0,
      "std": 0.0,
      "values": [
        220127,
        220127,
        220127
      ]
    }
  },
  "inference": {
    "mean_ms": {
      "mean": 2.5875455266679634,
      "std": 0.011300093808022106
    },
    "std_ms": {
      "mean": 0.09933924446661939,
      "std": 0.015188226401419964
    },
    "min_ms": {
      "mean": 2.5352666658970215,
      "std": 0.0033629012909499583
    },
    "max_ms": {
      "mean": 4.489399977804472,
      "std": 0.3550355137020133
    },
    "p50_ms": {
      "mean": 2.5575033330824226,
      "std": 0.00667355429675467
    },
    "p50_std_ms": {
      "mean": 0.00500833258217756,
      "std": 0.0016561912363052963
    },
    "p95_ms": {
      "mean": 2.7164866670500487,
      "std": 0.02869699696912894
    },
    "p95_std_ms": {
      "mean": 0.0385372111677141,
      "std": 0.014978537481860755
    },
    "p99_ms": {
      "mean": 2.9564898626413196,
      "std": 0.07052409056430826
    },
    "p99_std_ms": {
      "mean": 0.16193482085807656,
      "std": 0.04567971101167627
    },
    "device": "cpu",
    "num_threads": {
      "mean": 1.0,
      "std": 0.0
    },
    "warmup_iterations": {
      "mean": 100.0,
      "std": 0.0
    },
    "num_samples": {
      "mean": 1000.0,
      "std": 0.0
    },
    "num_runs": {
      "mean": 5.0,
      "std": 0.0
    },
    "total_samples": {
      "mean": 5000.0,
      "std": 0.0
    }
  },
  "per_seed": {
    "42": {
      "model": {
        "name": "M6_Medium_Simple_Attention",
        "type": "simple_attention",
        "parameters": 597762,
        "flops": 30137728,
        "flops_formatted": "30.138M",
        "macs": 15068864,
        "macs_formatted": "1",
        "checkpoint": "C:\\Users\\MSchm\\Documents\\att_project\\lightning_logs\\M6_Medium_Simple_Attention_seed42\\version_2\\checkpoints\\M6_Medium_Simple_Attention-epoch=40-val_loss=0.0011.ckpt"
      },
      "data": {
        "variant": "paper",
        "vehicle": "HYUNDAI_SONATA_2020",
        "window_size": 50
      },
      "metrics": {
        "mse": 0.0009661822696216404,
        "rmse": 0.03108347261201104,
        "mae": 0.023610465228557587,
        "mape": 171557.453125,
        "r2": 0.9190542697906494,
        "accuracy": 90.24790234728134,
        "accuracy_threshold": 0.05,
        "num_samples": 220127
      },
      "inference": {
        "mean_ms": 2.586989440175239,
        "std_ms": 0.0992234619377927,
        "min_ms": 2.5364000466652215,
        "max_ms": 4.355999990366399,
        "p50_ms": 2.5563300063367933,
        "p50_std_ms": 0.003766365201833855,
        "p95_ms": 2.7133970079012215,
        "p95_std_ms": 0.035453738235825115,
        "p99_ms": 2.9894932025345042,
        "p99_std_ms": 0.2081209954250054,
        "device": "cpu",
        "num_threads": 1,
        "warmup_iterations": 100,
        "num_samples": 1000,
        "num_runs": 5,
        "total_samples": 5000
      },
      "flops": {
        "flops": 30137728,
        "flops_formatted": "30.138M",
        "macs": 15068864,
        "macs_formatted": "1",
        "params_thop": 597762,
        "params_formatted": "597.762K"
      },
      "plots": {
        "scatter": "C:\\Users\\MSchm\\Documents\\att_project\\results\\no_dropout\\m6\\seed_42\\M6_Medium_Simple_Attention_scatter.png",
        "residuals": "C:\\Users\\MSchm\\Documents\\att_project\\results\\no_dropout\\m6\\seed_42\\M6_Medium_Simple_Attention_residuals.png",
        "timeline": "C:\\Users\\MSchm\\Documents\\att_project\\results\\no_dropout\\m6\\seed_42\\M6_Medium_Simple_Attention_timeline.png",
        "error_distribution": "C:\\Users\\MSchm\\Documents\\att_project\\results\\no_dropout\\m6\\seed_42\\M6_Medium_Simple_Attention_error_distribution.png",
        "attention_npy": "C:\\Users\\MSchm\\Documents\\att_project\\results\\no_dropout\\m6\\seed_42\\M6_Medium_Simple_Attention_attention_weights.npy",
        "attention_heatmap": "C:\\Users\\MSchm\\Documents\\att_project\\results\\no_dropout\\m6\\seed_42\\M6_Medium_Simple_Attention_attention_heatmap.png"
      },
      "predictions_csv": null,
      "config_path": "C:\\Users\\MSchm\\Documents\\att_project\\config\\model_configs\\m6_medium_simple_attn.yaml"
    },
    "94": {
      "model": {
        "name": "M6_Medium_Simple_Attention",
        "type": "simple_attention",
        "parameters": 597762,
        "flops": 30137728,
        "flops_formatted": "30.138M",
        "macs": 15068864,
        "macs_formatted": "1",
        "checkpoint": "C:\\Users\\MSchm\\Documents\\att_project\\lightning_logs\\M6_Medium_Simple_Attention_seed94\\version_0\\checkpoints\\M6_Medium_Simple_Attention_seed94-epoch=37-val_loss=0.0011.ckpt"
      },
      "data": {
        "variant": "paper",
        "vehicle": "HYUNDAI_SONATA_2020",
        "window_size": 50
      },
      "metrics": {
        "mse": 0.000994536909274757,
        "rmse": 0.03153627925540293,
        "mae": 0.02384301647543907,
        "mape": 171745.21875,
        "r2": 0.9166787266731262,
        "accuracy": 90.00258941429266,
        "accuracy_threshold": 0.05,
        "num_samples": 220127
      },
      "inference": {
        "mean_ms": 2.573992219439242,
        "std_ms": 0.08079570359165972,
        "min_ms": 2.5306999450549483,
        "max_ms": 4.1368999518454075,
        "p50_ms": 2.549980004550889,
        "p50_std_ms": 0.003909551205125594,
        "p95_ms": 2.682986996951513,
        "p95_std_ms": 0.021929456631098982,
        "p99_ms": 2.8584801827091724,
        "p99_std_ms": 0.09972547153028753,
        "device": "cpu",
        "num_threads": 1,
        "warmup_iterations": 100,
        "num_samples": 1000,
        "num_runs": 5,
        "total_samples": 5000
      },
      "flops": {
        "flops": 30137728,
        "flops_formatted": "30.138M",
        "macs": 15068864,
        "macs_formatted": "1",
        "params_thop": 597762,
        "params_formatted": "597.762K"
      },