{
  "model": {
    "name": "M8_Medium_Scaled_DP_Attention",
    "type": "scaled_dp_attention",
    "parameters": 597633,
    "flops": 30131328,
    "flops_formatted": "30.131M",
    "macs": 15065664,
    "macs_formatted": "1",
    "checkpoint": "C:\\Users\\MSchm\\Documents\\att_project\\lightning_logs\\M8_Medium_Scaled_DP_Attention_seed42\\version_1\\checkpoints\\M8_Medium_Scaled_DP_Attention-epoch=42-val_loss=0.0012.ckpt"
  },
  "data": {
    "variant": "paper",
    "vehicle": "HYUNDAI_SONATA_2020",
    "window_size": 50
  },
  "seeds": [
    42,
    94,
    123
  ],
  "num_seeds": 3,
  "metrics": {
    "mse": {
      "mean": 0.0010901745020722349,
      "std": 8.949278104475355e-05,
      "values": [
        0.0010018685134127736,
        0.0012128448579460382,
        0.001055810134857893
      ]
    },
    "rmse": {
      "mean": 0.032990486985551105,
      "std": 0.0013424866958067216,
      "values": [
        0.0316523066049344,
        0.034825922212427314,
        0.03249323213929161
      ]
    },
    "mae": {
      "mean": 0.024919606124361355,
      "std": 0.0009172516159114229,
      "values": [
        0.023971721529960632,
        0.0261604655534029,
        0.024626631289720535
      ]
    },
    "mape": {
      "mean": 185897.72395833334,
      "std": 3314.7648630611766,
      "values": [
        187467.71875,
        188938.015625,
        181287.4375
      ]
    },
    "r2": {
      "mean": 0.9086663325627645,
      "std": 0.007497595580772502,
      "values": [
        0.9160645008087158,
        0.8983891606330872,
        0.9115453362464905
      ]
    },
    "accuracy": {
      "mean": 88.62474844067287,
      "std": 1.1014527745300464,
      "values": [
        89.80134195260008,
        87.15241655953155,
        88.92048680988702
      ]
    },
    "accuracy_threshold": {
      "mean": 0.05000000000000001,
      "std": 6.938893903907228e-18,
      "values": [
        0.05,
        0.05,
        0.05
      ]
    },
    "num_samples": {
      "mean": 220127.0,
      "std": 0.0,
      "values": [
        220127,
        220127,
        220127
      ]
    }
  },
  "inference": {
    "mean_ms": {
      "mean": 2.6538469470300092,
      "std": 0.006255622903252432
    },
    "std_ms": {
      "mean": 0.09400395600563018,
      "std": 0.0022166632119419365
    },
    "min_ms": {
      "mean": 2.597566674618671,
      "std": 0.0052449043801840595
    },
    "max_ms": {
      "mean": 4.16819997675096,
      "std": 0.29409430114596
    },
    "p50_ms": {
      "mean": 2.626453338113303,
      "std": 0.006199664319024194
    },
    "p50_std_ms": {
      "mean": 0.0028781693391522842,
      "std": 0.0007131196586119019
    },
    "p95_ms": {
      "mean": 2.778538322309032,
      "std": 0.008800515323885585
    },
    "p95_std_ms": {
      "mean": 0.027871908615822477,
      "std": 0.006815130609066606
    },
    "p99_ms": {
      "mean": 3.024902800641333,
      "std": 0.021178109120680976
    },
    "p99_std_ms": {
      "mean": 0.12466364365862902,
      "std": 0.03962577424498245
    },
    "device": "cpu",
    "num_threads": {
      "mean": 1.0,
      "std": 0.0
    },
    "warmup_iterations": {
      "mean": 100.0,
      "std": 0.0
    },
    "num_samples": {
      "mean": 1000.0,
      "std": 0.0
    },
    "num_runs": {
      "mean": 5.0,
      "std": 0.0
    },
    "total_samples": {
      "mean": 5000.0,
      "std": 0.0
    }
  },
  "per_seed": {
    "42": {
      "model": {
        "name": "M8_Medium_Scaled_DP_Attention",
        "type": "scaled_dp_attention",
        "parameters": 597633,
        "flops": 30131328,
        "flops_formatted": "30.131M",
        "macs": 15065664,
        "macs_formatted": "1",
        "checkpoint": "C:\\Users\\MSchm\\Documents\\att_project\\lightning_logs\\M8_Medium_Scaled_DP_Attention_seed42\\version_1\\checkpoints\\M8_Medium_Scaled_DP_Attention-epoch=42-val_loss=0.0012.ckpt"
      },
      "data": {
        "variant": "paper",
        "vehicle": "HYUNDAI_SONATA_2020",
        "window_size": 50
      },
      "metrics": {
        "mse": 0.0010018685134127736,
        "rmse": 0.0316523066049344,
        "mae": 0.023971721529960632,
        "mape": 187467.71875,
        "r2": 0.9160645008087158,
        "accuracy": 89.80134195260008,
        "accuracy_threshold": 0.05,
        "num_samples": 220127
      },
      "inference": {
        "mean_ms": 2.654158160218503,
        "std_ms": 0.09697778820721352,
        "min_ms": 2.6005000108852983,
        "max_ms": 4.019099986180663,
        "p50_ms": 2.625850006006658,
        "p50_std_ms": 0.0035209407928399853,
        "p95_ms": 2.780585985747166,
        "p95_std_ms": 0.029275570507868734,
        "p99_ms": 3.017430182546377,
        "p99_std_ms": 0.14379747129601347,
        "device": "cpu",
        "num_threads": 1,
        "warmup_iterations": 100,
        "num_samples": 1000,
        "num_runs": 5,
        "total_samples": 5000
      },
      "flops": {
        "flops": 30131328,
        "flops_formatted": "30.131M",
        "macs": 15065664,
        "macs_formatted": "1",
        "params_thop": 597633,
        "params_formatted": "597.633K"
      },
      "plots": {
        "scatter": "C:\\Users\\MSchm\\Documents\\att_project\\results\\no_dropout\\m8\\seed_42\\M8_Medium_Scaled_DP_Attention_scatter.png",
        "residuals": "C:\\Users\\MSchm\\Documents\\att_project\\results\\no_dropout\\m8\\seed_42\\M8_Medium_Scaled_DP_Attention_residuals.png",
        "timeline": "C:\\Users\\MSchm\\Documents\\att_project\\results\\no_dropout\\m8\\seed_42\\M8_Medium_Scaled_DP_Attention_timeline.png",
        "error_distribution": "C:\\Users\\MSchm\\Documents\\att_project\\results\\no_dropout\\m8\\seed_42\\M8_Medium_Scaled_DP_Attention_error_distribution.png",
        "attention_npy": "C:\\Users\\MSchm\\Documents\\att_project\\results\\no_dropout\\m8\\seed_42\\M8_Medium_Scaled_DP_Attention_attention_weights.npy",
        "attention_heatmap": "C:\\Users\\MSchm\\Documents\\att_project\\results\\no_dropout\\m8\\seed_42\\M8_Medium_Scaled_DP_Attention_attention_heatmap.png"
      },
      "predictions_csv": null,
      "config_path": "C:\\Users\\MSchm\\Documents\\att_project\\config\\model_configs\\m8_medium_scaled_dp_attn.yaml"
    },
    "94": {
      "model": {
        "name": "M8_Medium_Scaled_DP_Attention",
        "type": "scaled_dp_attention",
        "parameters": 597633,
        "flops": 30131328,
        "flops_formatted": "30.131M",
        "macs": 15065664,
        "macs_formatted": "1",
        "checkpoint": "C:\\Users\\MSchm\\Documents\\att_project\\lightning_logs\\M8_Medium_Scaled_DP_Attention_seed94\\version_0\\checkpoints\\M8_Medium_Scaled_DP_Attention_seed94-epoch=20-val_loss=0.0013.ckpt"
      },
      "data": {
        "variant": "paper",
        "vehicle": "HYUNDAI_SONATA_2020",
        "window_size": 50
      },
      "metrics": {
        "mse": 0.0012128448579460382,
        "rmse": 0.034825922212427314,
        "mae": 0.0261604655534029,
        "mape": 188938.015625,
        "r2": 0.8983891606330872,
        "accuracy": 87.15241655953155,
        "accuracy_threshold": 0.05,
        "num_samples": 220127
      },
      "inference": {
        "mean_ms": 2.6613481404609045,
        "std_ms": 0.09337589683144772,
        "min_ms": 2.6020000223070383,
        "max_ms": 3.9064999436959624,
        "p50_ms": 2.634330012369901,
        "p50_std_ms": 0.003229794098847301,
        "p95_ms": 2.7881459961645305,
        "p95_std_ms": 0.03542788051302391,
        "p99_ms": 3.053756602457724,
        "p99_std_ms": 0.16071169949605535,
        "device": "cpu",
        "num_threads": 1,
        "warmup_iterations": 100,
        "num_samples": 1000,
        "num_runs": 5,
        "total_samples": 5000
      },
      "flops": {
        "flops": 30131328,
        "flops_formatted": "30.131M",
        "macs": 15065664,
        "macs_formatted": "1",
        "params_thop": 597633,
        "params_formatted": "597.633K"
      },