{
  "model": {
    "name": "M8_Medium_Scaled_DP_Attention",
    "type": "scaled_dp_attention",
    "parameters": 597633,
    "flops": 30131328,
    "flops_formatted": "30.131M",
    "macs": 15065664,
    "macs_formatted": "1",
    "checkpoint": "C:\\Users\\MSchm\\Documents\\att_project\\lightning_logs\\M8_Medium_Scaled_DP_Attention_seed42\\version_0\\checkpoints\\M8_Medium_Scaled_DP_Attention_seed42-epoch=02-val_loss=0.0020.ckpt"
  },
  "data": {
    "variant": "paper",
    "vehicle": "HYUNDAI_SONATA_2020",
    "window_size": 50
  },
  "metrics": {
    "mse": 0.0019475911976769567,
    "rmse": 0.04413152158805491,
    "mae": 0.032126184552907944,
    "mape": 291310.1875,
    "r2": 0.8285427093505859,
    "accuracy": 80.16429536998105,
    "accuracy_threshold": 0.05,
    "num_samples": 221187
  },
  "sequence_metrics": {
    "n_sequences": 500,
    "mae_mean": 0.032959877006709576,
    "mae_std": 0.01190040549420896,
    "mae_median": 0.030278186313807964,
    "rmse_mean": 0.04252506095916033,
    "rmse_std": 0.01566205881837107,
    "rmse_median": 0.03918359987437725,
    "accuracy_mean": 79.2244798795332,
    "accuracy_std": 13.141456457145733,
    "accuracy_median": 81.42466822794691
  },
  "inference": {
    "mean_ms": 2.8308660998940467,
    "std_ms": 0.3669039902031975,
    "min_ms": 2.581100008683279,
    "max_ms": 7.024899998214096,
    "p50_ms": 2.680380007950589,
    "p50_std_ms": 0.0539968626169988,
    "p95_ms": 3.585755007225088,
    "p95_std_ms": 0.25034977887042714,
    "p99_ms": 3.9961504007223994,
    "p99_std_ms": 0.29828899952473964,
    "device": "cpu",
    "num_threads": 1,
    "warmup_iterations": 100,
    "num_samples": 1000,
    "num_runs": 5,
    "total_samples": 5000
  },
  "flops": {
    "flops": 30131328,
    "flops_formatted": "30.131M",
    "macs": 15065664,
    "macs_formatted": "1",
    "params_thop": 597633,
    "params_formatted": "597.633K"
  },
  "plots": {
    "scatter": "C:\\Users\\MSchm\\Documents\\att_project\\results\\no_dropout\\m8\\seed_42\\M8_Medium_Scaled_DP_Attention_scatter.png",
    "residuals": "C:\\Users\\MSchm\\Documents\\att_project\\results\\no_dropout\\m8\\seed_42\\M8_Medium_Scaled_DP_Attention_residuals.png",
    "timeline": "C:\\Users\\MSchm\\Documents\\att_project\\results\\no_dropout\\m8\\seed_42\\M8_Medium_Scaled_DP_Attention_timeline.png",
    "error_distribution": "C:\\Users\\MSchm\\Documents\\att_project\\results\\no_dropout\\m8\\seed_42\\M8_Medium_Scaled_DP_Attention_error_distribution.png",
    "attention_npy": "C:\\Users\\MSchm\\Documents\\att_project\\results\\no_dropout\\m8\\seed_42\\M8_Medium_Scaled_DP_Attention_attention_weights.npy",
    "attention_heatmap": "C:\\Users\\MSchm\\Documents\\att_project\\results\\no_dropout\\m8\\seed_42\\M8_Medium_Scaled_DP_Attention_attention_heatmap.png"
  },
  "predictions_csv": "C:\\Users\\MSchm\\Documents\\att_project\\results\\paper\\M8_Medium_Scaled_DP_Attention\\seed_42\\M8_Medium_Scaled_DP_Attention_predictions.csv",
  "config_path": "C:\\Users\\MSchm\\Documents\\att_project\\config\\model_configs\\m8_medium_scaled_dp_attn.yaml"
}