{
  "model": {
    "name": "M8_Medium_Scaled_DP_Attention",
    "type": "scaled_dp_attention",
    "parameters": 597633,
    "flops": 30131328,
    "flops_formatted": "30.131M",
    "macs": 15065664,
    "macs_formatted": "1",
    "checkpoint": "C:\\Users\\MSchm\\Documents\\att_project\\lightning_logs\\M8_Medium_Scaled_DP_Attention_seed123\\version_0\\checkpoints\\M8_Medium_Scaled_DP_Attention_seed123-epoch=04-val_loss=0.0020.ckpt"
  },
  "data": {
    "variant": "paper",
    "vehicle": "HYUNDAI_SONATA_2020",
    "window_size": 50
  },
  "metrics": {
    "mse": 0.0020153673831373453,
    "rmse": 0.04489284333986148,
    "mae": 0.03234981745481491,
    "mape": 309102.75,
    "r2": 0.8225760459899902,
    "accuracy": 80.09602734337913,
    "accuracy_threshold": 0.05,
    "num_samples": 221187
  },
  "sequence_metrics": {
    "n_sequences": 500,
    "mae_mean": 0.0331050852779299,
    "mae_std": 0.012205354102528695,
    "mae_median": 0.030654761008918285,
    "rmse_mean": 0.04296299617737532,
    "rmse_std": 0.016265849161557648,
    "rmse_median": 0.03964502736926079,
    "accuracy_mean": 79.1831407071313,
    "accuracy_std": 13.145779997664189,
    "accuracy_median": 81.24039048200123
  },
  "inference": {
    "mean_ms": 2.740228159929393,
    "std_ms": 0.23866379268599996,
    "min_ms": 2.580500004114583,
    "max_ms": 5.233800009591505,
    "p50_ms": 2.6547799992840737,
    "p50_std_ms": 0.005008251970529683,
    "p95_ms": 3.3316840045154095,
    "p95_std_ms": 0.08291617154232471,
    "p99_ms": 3.723443604016211,
    "p99_std_ms": 0.061105142424198344,
    "device": "cpu",
    "num_threads": 1,
    "warmup_iterations": 100,
    "num_samples": 1000,
    "num_runs": 5,
    "total_samples": 5000
  },
  "flops": {
    "flops": 30131328,
    "flops_formatted": "30.131M",
    "macs": 15065664,
    "macs_formatted": "1",
    "params_thop": 597633,
    "params_formatted": "597.633K"
  },
  "plots": {
    "scatter": "C:\\Users\\MSchm\\Documents\\att_project\\results\\no_dropout\\m8\\seed_123\\M8_Medium_Scaled_DP_Attention_scatter.png",
    "residuals": "C:\\Users\\MSchm\\Documents\\att_project\\results\\no_dropout\\m8\\seed_123\\M8_Medium_Scaled_DP_Attention_residuals.png",
    "timeline": "C:\\Users\\MSchm\\Documents\\att_project\\results\\no_dropout\\m8\\seed_123\\M8_Medium_Scaled_DP_Attention_timeline.png",
    "error_distribution": "C:\\Users\\MSchm\\Documents\\att_project\\results\\no_dropout\\m8\\seed_123\\M8_Medium_Scaled_DP_Attention_error_distribution.png",
    "attention_npy": "C:\\Users\\MSchm\\Documents\\att_project\\results\\no_dropout\\m8\\seed_123\\M8_Medium_Scaled_DP_Attention_attention_weights.npy",
    "attention_heatmap": "C:\\Users\\MSchm\\Documents\\att_project\\results\\no_dropout\\m8\\seed_123\\M8_Medium_Scaled_DP_Attention_attention_heatmap.png"
  },
  "predictions_csv": "C:\\Users\\MSchm\\Documents\\att_project\\results\\paper\\M8_Medium_Scaled_DP_Attention\\seed_42\\M8_Medium_Scaled_DP_Attention_predictions.csv",
  "config_path": "C:\\Users\\MSchm\\Documents\\att_project\\config\\model_configs\\m8_medium_scaled_dp_attn.yaml"
}