{
  "model": {
    "name": "M3_Small_Baseline",
    "type": "baseline",
    "parameters": 84801,
    "flops": 4313664,
    "flops_formatted": "4.314M",
    "macs": 2156832,
    "macs_formatted": "2",
    "checkpoint": "C:\\Users\\MSchm\\Documents\\att_project\\lightning_logs\\M3_Small_Baseline_seed7\\version_0\\checkpoints\\M3_Small_Baseline_seed7-epoch=07-val_loss=0.0019.ckpt"
  },
  "data": {
    "variant": "paper",
    "vehicle": "HYUNDAI_SONATA_2020",
    "window_size": 50
  },
  "seeds": [
    7,
    42,
    94,
    123,
    231
  ],
  "num_seeds": 5,
  "metrics": {
    "mse": {
      "mean": 0.001970802806317806,
      "std": 2.3503498806818443e-05,
      "values": [
        0.0019454038701951504,
        0.0019780490547418594,
        0.002008165931329131,
        0.0019767528865486383,
        0.001945642288774252
      ]
    },
    "rmse": {
      "mean": 0.044392937029065854,
      "std": 0.0002644773169858478,
      "values": [
        0.044106732708228916,
        0.044475263402726006,
        0.044812564435983034,
        0.04446068922709857,
        0.04410943537129275
      ]
    },
    "mae": {
      "mean": 0.032072081416845324,
      "std": 0.00027607383021197344,
      "values": [
        0.03166188299655914,
        0.03221927210688591,
        0.03248535096645355,
        0.03192958980798721,
        0.03206431120634079
      ]
    },
    "mape": {
      "mean": 286029.61875,
      "std": 14076.64106373625,
      "values": [
        298450.65625,
        301692.78125,
        289784.84375,
        276033.0,
        264186.8125
      ]
    },
    "r2": {
      "mean": 0.8264992833137512,
      "std": 0.0020691453151565893,
      "values": [
        0.8287352919578552,
        0.8258613348007202,
        0.8232100009918213,
        0.8259754776954651,
        0.8287143111228943
      ]
    },
    "accuracy": {
      "mean": 80.34088802687319,
      "std": 0.37108331879451234,
      "values": [
        80.8876651882796,
        80.10597367838074,
        79.82476366151717,
        80.59650883641444,
        80.289528769774
      ]
    },
    "accuracy_threshold": {
      "mean": 0.05,
      "std": 0.0,
      "values": [
        0.05,
        0.05,
        0.05,
        0.05,
        0.05
      ]
    },
    "num_samples": {
      "mean": 221187.0,
      "std": 0.0,
      "values": [
        221187,
        221187,
        221187,
        221187,
        221187
      ]
    }
  },
  "inference": {
    "mean_ms": {
      "mean": 0.7292317719839048,
      "std": 0.012649074332699316
    },
    "std_ms": {
      "mean": 0.034396167374219765,
      "std": 0.00822600452480435
    },
    "min_ms": {
      "mean": 0.7146399933844805,
      "std": 0.011479128286831362
    },
    "max_ms": {
      "mean": 1.2008599936962128,
      "std": 0.10405349441896143
    },
    "p50_ms": {
      "mean": 0.7205419964157045,
      "std": 0.012239724775870639
    },
    "p50_std_ms": {
      "mean": 0.0007549157566290471,
      "std": 0.0003624050331516884
    },
    "p95_ms": {
      "mean": 0.7765509955352172,
      "std": 0.020520296328812613
    },
    "p95_std_ms": {
      "mean": 0.03747458400595003,
      "std": 0.023087191285255493
    },
    "p99_ms": {
      "mean": 0.8530254767974839,
      "std": 0.030419713332700705
    },
    "p99_std_ms": {
      "mean": 0.07211306337359427,
      "std": 0.01936422812771569
    },
    "device": "cpu",
    "num_threads": {
      "mean": 1.0,
      "std": 0.0
    },
    "warmup_iterations": {
      "mean": 100.0,
      "std": 0.0
    },
    "num_samples": {
      "mean": 1000.0,
      "std": 0.0
    },
    "num_runs": {
      "mean": 5.0,
      "std": 0.0
    },
    "total_samples": {
      "mean": 5000.0,
      "std": 0.0
    }
  },
  "per_seed": {
    "7": {
      "model": {
        "name": "M3_Small_Baseline",
        "type": "baseline",
        "parameters": 84801,
        "flops": 4313664,
        "flops_formatted": "4.314M",
        "macs": 2156832,
        "macs_formatted": "2",
        "checkpoint": "C:\\Users\\MSchm\\Documents\\att_project\\lightning_logs\\M3_Small_Baseline_seed7\\version_0\\checkpoints\\M3_Small_Baseline_seed7-epoch=07-val_loss=0.0019.ckpt"
      },
      "data": {
        "variant": "paper",
        "vehicle": "HYUNDAI_SONATA_2020",
        "window_size": 50
      },
      "metrics": {
        "mse": 0.0019454038701951504,
        "rmse": 0.044106732708228916,
        "mae": 0.03166188299655914,
        "mape": 298450.65625,
        "r2": 0.8287352919578552,
        "accuracy": 80.8876651882796,
        "accuracy_threshold": 0.05,
        "num_samples": 221187
      },
      "sequence_metrics": {
        "n_sequences": 500,
        "mae_mean": 0.03243749035149813,
        "mae_std": 0.012363360504006961,
        "mae_median": 0.029801709577441216,
        "rmse_mean": 0.04208608595654369,
        "rmse_std": 0.01635540438953882,
        "rmse_median": 0.03894578106701374,
        "accuracy_mean": 79.96766948440514,
        "accuracy_std": 13.456798240034438,
        "accuracy_median": 82.28529714874614
      },
      "inference": {
        "mean_ms": 0.7235414797440172,
        "std_ms": 0.039672238696348255,
        "min_ms": 0.7085999823175371,
        "max_ms": 1.2101999891456217,
        "p50_ms": 0.7141999958548695,
        "p50_std_ms": 0.00015492051348053716,
        "p95_ms": 0.7763209909899159,
        "p95_std_ms": 0.03314931646405775,
        "p99_ms": 0.8837238001287915,
        "p99_std_ms": 0.10328241230572333,
        "device": "cpu",
        "num_threads": 1,
        "warmup_iterations": 100,
        "num_samples": 1000,
        "num_runs": 5,
        "total_samples": 5000
      },
      "flops": {
        "flops": 4313664,
        "flops_formatted": "4.314M",
        "macs": 2156832,
        "macs_formatted": "2",
        "params_thop": 84801,
        "params_formatted": "84.801K"
      },
      "plots": {
        "scatter": "C:\\Users\\MSchm\\Documents\\att_project\\results\\no_dropout\\m3\\seed_7\\M3_Small_Baseline_scatter.png",
        "residuals": "C:\\Users\\MSchm\\Documents\\att_project\\results\\no_dropout\\m3\\seed_7\\M3_Small_Baseline_residuals.png",
        "timeline": "C:\\Users\\MSchm\\Documents\\att_project\\results\\no_dropout\\m3\\seed_7\\M3_Small_Baseline_timeline.png",
        "error_distribution": "C:\\Users\\MSchm\\Documents\\att_project\\results\\no_dropout\\m3\\seed_7\\M3_Small_Baseline_error_distribution.png"
      },
      "predictions_csv": "C:\\Users\\MSchm\\Documents\\att_project\\results\\paper\\M3_Small_Baseline\\seed_42\\M3_Small_Baseline_predictions.csv",
      "config_path": "C:\\Users\\MSchm\\Documents\\att_project\\config\\model_configs\\m3_small_baseline.yaml"
    },
    "42": {
      "model": {
        "name": "M3_Small_Baseline",
        "type": "baseline",
        "parameters": 84801,
        "flops": 4313664,
        "flops_formatted": "4.314M",
        "macs": 2156832,
        "macs_formatted": "2",
        "checkpoint": "C:\\Users\\MSchm\\Documents\\att_project\\lightning_logs\\M3_Small_Baseline_seed42\\version_0\\checkpoints\\M3_Small_Baseline_seed42-epoch=05-val_loss=0.0020.ckpt"
      },
      "data": {
        "variant": "paper",
        "vehicle": "HYUNDAI_SONATA_2020",
        "window_size": 50
      },
      "metrics": {
        "mse": 0.0019780490547418594,
        "rmse": 0.044475263402726006,
        "mae": 0.03221927210688591,
        "mape": 301692.78125,
        "r2": 0.8258613348007202,
        "accuracy": 80.10597367838074,
        "accuracy_threshold": 0.05,
        "num_samples": 221187
      },
      "sequence_metrics": {
        "n_sequences": 500,
        "mae_mean": 0.03301269019767642,
        "mae_std": 0.012268938644267617,
        "mae_median": 0.030691000632941723,
        "rmse_mean": 0.04265738650038838,
        "rmse_std": 0.016206706574319812,
        "rmse_median": 0.03926537185907364,
        "accuracy_mean": 79.21681587118722,
        "accuracy_std": 13.514137595147082,