{
  "model": {
    "name": "M3_Small_Baseline",
    "type": "baseline",
    "parameters": 84801,
    "flops": 4313664,
    "flops_formatted": "4.314M",
    "macs": 2156832,
    "macs_formatted": "2",
    "checkpoint": "C:\\Users\\MSchm\\Documents\\att_project\\lightning_logs\\M3_Small_Baseline_seed231\\version_0\\checkpoints\\M3_Small_Baseline_seed231-epoch=04-val_loss=0.0019.ckpt"
  },
  "data": {
    "variant": "paper",
    "vehicle": "HYUNDAI_SONATA_2020",
    "window_size": 50
  },
  "metrics": {
    "mse": 0.001945642288774252,
    "rmse": 0.04410943537129275,
    "mae": 0.03206431120634079,
    "mape": 264186.8125,
    "r2": 0.8287143111228943,
    "accuracy": 80.289528769774,
    "accuracy_threshold": 0.05,
    "num_samples": 221187
  },
  "sequence_metrics": {
    "n_sequences": 500,
    "mae_mean": 0.032776931015774606,
    "mae_std": 0.011971032056566492,
    "mae_median": 0.030419337563216686,
    "rmse_mean": 0.04229041255265474,
    "rmse_std": 0.015630157694878584,
    "rmse_median": 0.03973236121237278,
    "accuracy_mean": 79.46165249407512,
    "accuracy_std": 13.249701060386835,
    "accuracy_median": 81.45574954846478
  },
  "inference": {
    "mean_ms": 0.7245884201664012,
    "std_ms": 0.03919295971534273,
    "min_ms": 0.7083999807946384,
    "max_ms": 1.3666999875567853,
    "p50_ms": 0.7140199973946437,
    "p50_std_ms": 0.0010623522640876239,
    "p95_ms": 0.7900060023530386,
    "p95_std_ms": 0.06614660023273716,
    "p99_ms": 0.8444279971299693,
    "p99_std_ms": 0.05774622007321866,
    "device": "cpu",
    "num_threads": 1,
    "warmup_iterations": 100,
    "num_samples": 1000,
    "num_runs": 5,
    "total_samples": 5000
  },
  "flops": {
    "flops": 4313664,
    "flops_formatted": "4.314M",
    "macs": 2156832,
    "macs_formatted": "2",
    "params_thop": 84801,
    "params_formatted": "84.801K"
  },
  "plots": {
    "scatter": "C:\\Users\\MSchm\\Documents\\att_project\\results\\no_dropout\\m3\\seed_231\\M3_Small_Baseline_scatter.png",
    "residuals": "C:\\Users\\MSchm\\Documents\\att_project\\results\\no_dropout\\m3\\seed_231\\M3_Small_Baseline_residuals.png",
    "timeline": "C:\\Users\\MSchm\\Documents\\att_project\\results\\no_dropout\\m3\\seed_231\\M3_Small_Baseline_timeline.png",
    "error_distribution": "C:\\Users\\MSchm\\Documents\\att_project\\results\\no_dropout\\m3\\seed_231\\M3_Small_Baseline_error_distribution.png"
  },
  "predictions_csv": "C:\\Users\\MSchm\\Documents\\att_project\\results\\paper\\M3_Small_Baseline\\seed_42\\M3_Small_Baseline_predictions.csv",
  "config_path": "C:\\Users\\MSchm\\Documents\\att_project\\config\\model_configs\\m3_small_baseline.yaml"
}