{
  "model": {
    "name": "M3_Small_Baseline",
    "type": "baseline",
    "parameters": 84801,
    "flops": 4313664,
    "flops_formatted": "4.314M",
    "macs": 2156832,
    "macs_formatted": "2",
    "checkpoint": "C:\\Users\\MSchm\\Documents\\att_project\\lightning_logs\\M3_Small_Baseline_seed7\\version_0\\checkpoints\\M3_Small_Baseline_seed7-epoch=07-val_loss=0.0019.ckpt"
  },
  "data": {
    "variant": "paper",
    "vehicle": "HYUNDAI_SONATA_2020",
    "window_size": 50
  },
  "metrics": {
    "mse": 0.0019454038701951504,
    "rmse": 0.044106732708228916,
    "mae": 0.03166188299655914,
    "mape": 298450.65625,
    "r2": 0.8287352919578552,
    "accuracy": 80.8876651882796,
    "accuracy_threshold": 0.05,
    "num_samples": 221187
  },
  "sequence_metrics": {
    "n_sequences": 500,
    "mae_mean": 0.03243749035149813,
    "mae_std": 0.012363360504006961,
    "mae_median": 0.029801709577441216,
    "rmse_mean": 0.04208608595654369,
    "rmse_std": 0.01635540438953882,
    "rmse_median": 0.03894578106701374,
    "accuracy_mean": 79.96766948440514,
    "accuracy_std": 13.456798240034438,
    "accuracy_median": 82.28529714874614
  },
  "inference": {
    "mean_ms": 0.7235414797440172,
    "std_ms": 0.039672238696348255,
    "min_ms": 0.7085999823175371,
    "max_ms": 1.2101999891456217,
    "p50_ms": 0.7141999958548695,
    "p50_std_ms": 0.00015492051348053716,
    "p95_ms": 0.7763209909899159,
    "p95_std_ms": 0.03314931646405775,
    "p99_ms": 0.8837238001287915,
    "p99_std_ms": 0.10328241230572333,
    "device": "cpu",
    "num_threads": 1,
    "warmup_iterations": 100,
    "num_samples": 1000,
    "num_runs": 5,
    "total_samples": 5000
  },
  "flops": {
    "flops": 4313664,
    "flops_formatted": "4.314M",
    "macs": 2156832,
    "macs_formatted": "2",
    "params_thop": 84801,
    "params_formatted": "84.801K"
  },
  "plots": {
    "scatter": "C:\\Users\\MSchm\\Documents\\att_project\\results\\no_dropout\\m3\\seed_7\\M3_Small_Baseline_scatter.png",
    "residuals": "C:\\Users\\MSchm\\Documents\\att_project\\results\\no_dropout\\m3\\seed_7\\M3_Small_Baseline_residuals.png",
    "timeline": "C:\\Users\\MSchm\\Documents\\att_project\\results\\no_dropout\\m3\\seed_7\\M3_Small_Baseline_timeline.png",
    "error_distribution": "C:\\Users\\MSchm\\Documents\\att_project\\results\\no_dropout\\m3\\seed_7\\M3_Small_Baseline_error_distribution.png"
  },
  "predictions_csv": "C:\\Users\\MSchm\\Documents\\att_project\\results\\paper\\M3_Small_Baseline\\seed_42\\M3_Small_Baseline_predictions.csv",
  "config_path": "C:\\Users\\MSchm\\Documents\\att_project\\config\\model_configs\\m3_small_baseline.yaml"
}