{
  "model": {
    "name": "M3_Small_Baseline",
    "type": "baseline",
    "parameters": 84801,
    "flops": 4313664,
    "flops_formatted": "4.314M",
    "macs": 2156832,
    "macs_formatted": "2",
    "checkpoint": "C:\\Users\\MSchm\\Documents\\att_project\\lightning_logs\\M3_Small_Baseline_seed42\\version_0\\checkpoints\\M3_Small_Baseline_seed42-epoch=05-val_loss=0.0020.ckpt"
  },
  "data": {
    "variant": "paper",
    "vehicle": "HYUNDAI_SONATA_2020",
    "window_size": 50
  },
  "metrics": {
    "mse": 0.0019780490547418594,
    "rmse": 0.044475263402726006,
    "mae": 0.03221927210688591,
    "mape": 301692.78125,
    "r2": 0.8258613348007202,
    "accuracy": 80.10597367838074,
    "accuracy_threshold": 0.05,
    "num_samples": 221187
  },
  "sequence_metrics": {
    "n_sequences": 500,
    "mae_mean": 0.03301269019767642,
    "mae_std": 0.012268938644267617,
    "mae_median": 0.030691000632941723,
    "rmse_mean": 0.04265738650038838,
    "rmse_std": 0.016206706574319812,
    "rmse_median": 0.03926537185907364,
    "accuracy_mean": 79.21681587118722,
    "accuracy_std": 13.514137595147082,
    "accuracy_median": 81.68163563344285
  },
  "inference": {
    "mean_ms": 0.7357872799097095,
    "std_ms": 0.04269104248089086,
    "min_ms": 0.7169000164140016,
    "max_ms": 1.2072999961674213,
    "p50_ms": 0.723739992827177,
    "p50_std_ms": 0.0006019966205439981,
    "p95_ms": 0.7935600003111176,
    "p95_std_ms": 0.061534105576265145,
    "p99_ms": 0.8831775902071968,
    "p99_std_ms": 0.08633241518177892,
    "device": "cpu",
    "num_threads": 1,
    "warmup_iterations": 100,
    "num_samples": 1000,
    "num_runs": 5,
    "total_samples": 5000
  },
  "flops": {
    "flops": 4313664,
    "flops_formatted": "4.314M",
    "macs": 2156832,
    "macs_formatted": "2",
    "params_thop": 84801,
    "params_formatted": "84.801K"
  },
  "plots": {
    "scatter": "C:\\Users\\MSchm\\Documents\\att_project\\results\\no_dropout\\m3\\seed_42\\M3_Small_Baseline_scatter.png",
    "residuals": "C:\\Users\\MSchm\\Documents\\att_project\\results\\no_dropout\\m3\\seed_42\\M3_Small_Baseline_residuals.png",
    "timeline": "C:\\Users\\MSchm\\Documents\\att_project\\results\\no_dropout\\m3\\seed_42\\M3_Small_Baseline_timeline.png",
    "error_distribution": "C:\\Users\\MSchm\\Documents\\att_project\\results\\no_dropout\\m3\\seed_42\\M3_Small_Baseline_error_distribution.png"
  },
  "predictions_csv": "C:\\Users\\MSchm\\Documents\\att_project\\results\\paper\\M3_Small_Baseline\\seed_42\\M3_Small_Baseline_predictions.csv",
  "config_path": "C:\\Users\\MSchm\\Documents\\att_project\\config\\model_configs\\m3_small_baseline.yaml"
}